,Unnamed: 0,2P,2P%,2PA,3P,3P%,3PA,AST,Age,BLK,DRB,FG,FG%,FGA,FT,FT%,FTA,G,GS,Lg,MP,ORB,PF,PLAYER_NAME,PTS,Pos,STL,TOV,TRB,Tm,eFG%
10,10,2.7,0.509,5.2,0.0,0.0,0.0,0.7,25,1.0,3.9,2.7,0.508,5.2,2.4,0.642,3.7,81,4.0,NBA,21.4,2.3,2.3,Anthony Davis ,7.7,PF,0.6,1.3,6.2,IND,0.508
11,11,2.5,0.445,5.6,0.0,,0.0,0.6,26,0.7,4.0,2.5,0.445,5.6,2.7,0.672,4.0,44,1.0,NBA,23.4,2.4,3.0,Anthony Davis ,7.6,PF,0.4,1.5,6.4,IND,0.445
12,12,2.9,0.49,5.9,0.0,0.5,0.0,0.5,27,0.8,3.8,2.9,0.49,5.9,3.0,0.713,4.2,82,14.0,NBA,25.5,2.3,3.0,Anthony Davis ,8.8,PF,0.4,1.1,6.1,IND,0.491
13,13,3.7,0.49,7.6,0.0,0.071,0.2,0.8,28,1.0,5.0,3.8,0.48,7.8,2.9,0.6659999999999999,4.4,82,28.0,NBA,28.5,2.3,3.2,Anthony Davis ,10.5,PF,0.5,1.7,7.3,IND,0.48100000000000004
14,14,3.1,0.484,6.4,0.0,0.0,0.0,0.7,29,0.9,4.5,3.1,0.48100000000000004,6.4,3.4,0.696,4.9,82,12.0,NBA,26.7,2.3,2.9,Anthony Davis ,9.6,PF,0.5,1.3,6.8,IND,0.48100000000000004
15,15,3.3,0.47100000000000003,7.1,0.0,,0.0,0.7,30,0.9,4.7,3.3,0.47100000000000003,7.1,2.8,0.703,3.9,49,1.0,NBA,25.9,2.4,2.8,Anthony Davis ,9.4,PF,0.4,1.0,7.0,IND,0.47100000000000003
16,16,4.0,0.44,9.0,0.0,,0.0,1.3,31,1.3,5.8,4.0,0.44,9.0,3.6,0.765,4.7,79,78.0,NBA,31.4,3.0,3.4,Anthony Davis ,11.5,C,0.5,1.5,8.8,TOR,0.44
17,17,4.8,0.434,11.1,0.0,0.0,0.0,1.4,32,1.9,6.6,4.8,0.433,11.1,4.1,0.754,5.4,78,77.0,NBA,35.0,3.5,2.9,Anthony Davis ,13.7,C,0.3,1.7,10.1,TOR,0.433
18,18,5.3,0.426,12.5,0.0,0.0,0.0,2.0,33,1.1,6.3,5.3,0.426,12.5,3.8,0.818,4.6,77,77.0,NBA,38.7,3.3,2.9,Anthony Davis ,14.5,PF,0.7,2.1,9.6,TOR,0.426
19,19,4.9,0.40700000000000003,12.1,0.0,,0.0,2.5,34,1.2,5.8,4.9,0.40700000000000003,12.1,4.1,0.7709999999999999,5.3,53,52.0,NBA,35.7,2.5,2.8,Anthony Davis ,13.9,C,0.4,2.2,8.2,TOR,0.40700000000000003
20,20,3.3,0.40299999999999997,8.3,0.0,,0.0,1.7,35,0.8,5.8,3.3,0.40299999999999997,8.3,2.2,0.765,2.9,80,79.0,NBA,32.1,2.6,2.6,Anthony Davis ,8.9,C,0.5,1.4,8.4,TOT,0.40299999999999997
21,21,3.1,0.38299999999999995,8.0,0.0,,0.0,0.9,35,0.5,6.3,3.1,0.38299999999999995,8.0,2.5,0.755,3.3,15,15.0,NBA,35.9,3.3,3.0,Anthony Davis ,8.6,C,0.5,1.4,9.5,TOR,0.38299999999999995
22,22,3.4,0.40700000000000003,8.3,0.0,,0.0,1.9,35,0.9,5.7,3.4,0.40700000000000003,8.3,2.1,0.768,2.8,65,64.0,NBA,31.3,2.4,2.5,Anthony Davis ,8.9,C,0.4,1.4,8.1,CHI,0.40700000000000003
23,23,2.7,0.461,5.8,0.0,,0.0,1.1,36,0.6,3.8,2.7,0.461,5.8,1.6,0.757,2.1,72,62.0,NBA,25.6,2.1,2.0,Anthony Davis ,7.0,PF,0.4,1.3,5.9,CHI,0.461
24,24,1.9,0.434,4.3,0.0,0.0,0.0,0.5,37,0.2,2.7,1.9,0.43200000000000005,4.3,1.2,0.642,1.8,44,39.0,NBA,21.4,2.0,2.8,Anthony Davis ,4.9,PF-C,0.5,1.2,4.7,TOT,0.43200000000000005
25,25,1.9,0.43,4.4,0.0,0.0,0.0,0.4,37,0.3,2.7,1.9,0.428,4.4,1.3,0.738,1.7,36,31.0,NBA,20.8,2.1,2.8,Anthony Davis ,5.0,PF,0.6,1.2,4.8,NYK,0.428
26,26,1.8,0.452,3.9,0.0,,0.0,0.9,37,0.1,2.6,1.8,0.452,3.9,0.9,0.35,2.5,8,8.0,NBA,23.9,1.9,3.3,Anthony Davis ,4.4,C,0.4,1.0,4.5,TOR,0.452
50,50,5.3,0.555,9.5,1.2,0.34700000000000003,3.3,4.5,28,0.2,2.5,6.4,0.501,12.8,2.3,0.774,3.0,78,78.0,NBA,33.8,1.0,2.5,Goran Dragic ,16.3,SG-PG,1.0,2.2,3.5,TOT,0.546
51,51,5.3,0.556,9.5,1.3,0.355,3.6,4.1,28,0.2,2.6,6.5,0.501,13.1,1.9,0.746,2.5,52,52.0,NBA,33.4,1.0,2.3,Goran Dragic ,16.2,SG,1.0,2.2,3.6,PHO,0.5489999999999999
52,52,5.3,0.552,9.6,0.9,0.32899999999999996,2.8,5.3,28,0.2,2.3,6.2,0.502,12.4,3.2,0.8079999999999999,4.0,26,26.0,NBA,34.8,1.2,2.9,Goran Dragic ,16.6,PG,1.1,2.3,3.4,MIA,0.539
59,59,4.7,0.47700000000000004,9.8,0.9,0.299,3.1,6.0,24,0.1,3.5,5.6,0.434,12.9,2.4,0.83,2.8,77,40.0,NBA,29.5,0.7,2.2,Reggie Jackson ,14.5,PG,0.8,2.4,4.2,TOT,0.47
60,60,4.1,0.49,8.4,0.9,0.278,3.2,4.3,24,0.1,3.5,5.0,0.43200000000000005,11.5,2.0,0.861,2.3,50,13.0,NBA,28.0,0.6,1.9,Reggie Jackson ,12.8,PG,0.8,1.8,4.0,OKC,0.47
61,61,5.7,0.46,12.5,1.0,0.337,3.1,9.2,24,0.1,3.6,6.8,0.436,15.6,3.0,0.7959999999999999,3.8,27,27.0,NBA,32.2,1.0,2.7,Reggie Jackson ,17.6,PG,0.7,3.5,4.7,DET,0.469
69,69,6.2,0.528,11.8,0.2,0.35600000000000004,0.6,0.7,22,0.4,5.3,6.4,0.519,12.4,2.4,0.782,3.1,75,74.0,NBA,28.5,3.7,2.5,Enes Kanter ,15.5,C,0.5,1.9,8.9,TOT,0.528
70,70,5.6,0.505,11.0,0.3,0.317,0.8,0.5,22,0.3,4.8,5.8,0.491,11.9,1.9,0.7879999999999999,2.4,49,48.0,NBA,27.1,3.0,2.3,Enes Kanter ,13.8,C,0.5,1.9,7.8,UTA,0.503
71,71,7.4,0.564,13.2,0.1,0.75,0.2,1.1,22,0.5,6.0,7.5,0.5660000000000001,13.3,3.5,0.7759999999999999,4.5,26,26.0,NBA,31.1,5.0,2.9,Enes Kanter ,18.7,C,0.5,2.0,11.0,OKC,0.5710000000000001
80,80,4.4,0.522,8.4,1.6,0.391,4.0,0.9,27,1.6,5.2,6.0,0.48,12.4,1.4,0.856,1.6,79,79.0,NBA,30.7,1.6,2.7,Serge Ibaka ,14.8,PF,0.5,1.3,6.8,TOT,0.5429999999999999
81,81,4.6,0.532,8.7,1.5,0.38799999999999996,3.8,1.1,27,1.6,5.0,6.1,0.488,12.6,1.4,0.846,1.6,56,56.0,NBA,30.5,1.8,2.5,Serge Ibaka ,15.1,PF,0.6,1.2,6.8,ORL,0.547
82,82,3.8,0.494,7.7,1.8,0.39799999999999996,4.5,0.7,27,1.4,5.5,5.6,0.45899999999999996,12.1,1.3,0.882,1.5,23,23.0,NBA,31.0,1.3,3.3,Serge Ibaka ,14.2,PF,0.3,1.7,6.8,TOR,0.532
87,87,0.7,0.28600000000000003,2.3,0.0,0.0,0.3,0.0,23,0.0,0.2,0.7,0.25,2.7,0.3,0.5,0.7,6,0.0,NBA,6.8,0.0,0.8,Tobias Harris ,1.7,SG,0.2,0.5,0.2,PHI,0.25
88,88,1.2,0.273,4.4,0.6,0.33299999999999996,1.8,1.6,26,0.0,1.4,1.8,0.29,6.2,4.6,0.92,5.0,5,0.0,NBA,17.6,0.6,1.6,Tobias Harris ,8.8,SG,0.8,1.2,2.0,BOS,0.33899999999999997
89,89,1.0,0.429,2.3,0.0,0.0,0.3,0.0,27,0.0,0.0,1.0,0.375,2.7,2.7,0.889,3.0,3,0.0,NBA,6.0,0.0,0.7,Tobias Harris ,4.7,SG,0.0,0.3,0.0,BOS,0.375
103,103,5.4,0.484,11.2,0.5,0.33,1.5,2.3,26,0.3,3.7,5.9,0.466,12.7,1.7,0.655,2.6,76,68.0,NBA,32.0,1.7,2.3,Thaddeus Young ,14.1,PF,1.6,1.5,5.4,TOT,0.486
104,104,5.6,0.469,12.0,0.4,0.292,1.4,2.8,26,0.4,3.5,6.0,0.451,13.4,1.8,0.682,2.7,48,48.0,NBA,33.4,1.6,2.4,Thaddeus Young ,14.3,PF,1.8,1.6,5.1,MIN,0.466
105,105,5.1,0.516,9.9,0.7,0.38,1.8,1.4,26,0.3,4.1,5.8,0.495,11.7,1.5,0.606,2.5,28,20.0,NBA,29.6,1.9,2.0,Thaddeus Young ,13.8,PF,1.4,1.5,5.9,BRK,0.524
137,137,4.1,0.541,7.6,0.0,0.0,0.1,3.5,26,1.1,5.4,4.1,0.536,7.7,2.1,0.58,3.7,81,64.0,NBA,26.5,2.1,2.8,Mason Plumlee ,10.4,C,0.9,1.7,7.5,TOT,0.536
138,138,4.4,0.5379999999999999,8.1,0.0,0.0,0.1,4.0,26,1.2,5.8,4.4,0.532,8.2,2.4,0.5670000000000001,4.1,54,54.0,NBA,28.1,2.2,2.8,Mason Plumlee ,11.1,C,0.9,1.6,8.0,POR,0.532
139,139,3.7,0.55,6.7,0.0,0.0,0.0,2.6,26,1.1,4.6,3.7,0.547,6.7,1.7,0.618,2.8,27,10.0,NBA,23.4,1.9,2.9,Mason Plumlee ,9.1,C,0.7,1.7,6.4,DEN,0.547
141,141,2.0,0.45799999999999996,4.4,1.1,0.342,3.2,2.2,24,0.3,2.7,3.1,0.41,7.6,0.7,0.672,1.0,62,25.0,NBA,24.9,0.9,2.2,Iman Shumpert ,8.0,SG,1.3,1.5,3.6,TOT,0.48100000000000004
142,142,2.7,0.436,6.2,1.0,0.348,2.8,3.3,24,0.1,2.5,3.7,0.409,9.0,1.0,0.6759999999999999,1.5,24,24.0,NBA,26.0,0.9,2.8,Iman Shumpert ,9.3,SG,1.3,1.8,3.4,NYK,0.46299999999999997
143,143,1.6,0.484,3.3,1.2,0.33799999999999997,3.4,1.5,24,0.3,2.9,2.8,0.41,6.7,0.5,0.667,0.7,38,1.0,NBA,24.2,0.9,1.9,Iman Shumpert ,7.2,SG,1.3,1.3,3.8,CLE,0.496
148,148,2.0,0.499,4.1,0.7,0.293,2.5,1.1,24,0.3,2.7,2.8,0.42,6.6,1.3,0.773,1.7,82,17.0,NBA,20.1,0.9,1.7,Jae Crowder ,7.7,SF,0.9,0.6,3.6,TOT,0.47600000000000003
149,149,0.8,0.526,1.5,0.5,0.342,1.5,0.5,24,0.2,0.7,1.3,0.434,3.0,0.4,0.909,0.4,25,0.0,NBA,10.6,0.5,1.0,Jae Crowder ,3.6,SF,0.6,0.4,1.2,DAL,0.52
150,150,2.6,0.495,5.2,0.8,0.282,3.0,1.4,24,0.4,3.6,3.4,0.418,8.2,1.7,0.762,2.3,57,17.0,NBA,24.2,1.1,1.9,Jae Crowder ,9.5,SF,1.0,0.7,4.6,BOS,0.469
158,158,1.6,0.451,3.5,0.9,0.35700000000000004,2.4,1.2,31,0.2,4.4,2.5,0.413,6.0,0.9,0.774,1.1,81,21.0,NBA,27.6,1.4,2.4,PJ Tucker ,6.7,SF,1.4,0.8,5.8,TOT,0.485
159,159,1.8,0.46299999999999997,3.8,0.8,0.33799999999999997,2.4,1.3,31,0.2,4.4,2.6,0.415,6.2,1.1,0.792,1.4,57,17.0,NBA,28.5,1.6,2.5,PJ Tucker ,7.0,SF,1.5,0.9,6.0,PHO,0.48
160,160,1.2,0.41200000000000003,2.8,1.0,0.4,2.5,1.1,31,0.2,4.4,2.2,0.406,5.3,0.5,0.688,0.7,24,4.0,NBA,25.4,1.0,2.2,PJ Tucker ,5.8,SF,1.3,0.6,5.4,TOR,0.5
168,168,2.1,0.436,4.9,1.0,0.337,3.0,4.3,27,0.0,1.7,3.1,0.39899999999999997,7.9,2.2,0.868,2.5,82,14.0,NBA,24.0,0.2,1.1,DJ Augustin ,9.5,PG,0.6,1.8,2.0,TOT,0.46299999999999997
169,169,2.6,0.45,5.8,0.9,0.327,2.8,4.9,27,0.0,1.6,3.5,0.41,8.5,2.7,0.87,3.1,54,13.0,NBA,23.8,0.2,1.1,DJ Augustin ,10.6,PG,0.6,2.0,1.9,DET,0.46299999999999997
170,170,1.3,0.389,3.2,1.2,0.354,3.4,3.1,27,0.0,1.9,2.5,0.371,6.6,1.1,0.861,1.3,28,1.0,NBA,24.2,0.3,1.1,DJ Augustin ,7.3,PG,0.6,1.3,2.2,OKC,0.462
171,171,4.6,0.52,8.9,0.0,0.231,0.2,0.9,31,0.8,4.2,4.7,0.515,9.1,1.4,0.715,2.0,78,71.0,NBA,25.5,2.0,2.1,Taj Gibson ,10.8,PF,0.5,1.3,6.2,TOT,0.517
172,172,5.0,0.529,9.4,0.0,0.16699999999999998,0.2,1.1,31,0.9,4.8,5.0,0.521,9.6,1.5,0.7140000000000001,2.2,55,55.0,NBA,27.3,2.2,2.2,Taj Gibson ,11.6,PF,0.5,1.4,6.9,CHI,0.523
173,173,3.8,0.494,7.7,0.0,1.0,0.0,0.6,31,0.7,2.8,3.9,0.49700000000000005,7.8,1.2,0.718,1.7,23,16.0,NBA,21.2,1.7,1.7,Taj Gibson ,9.0,PF,0.6,1.2,4.5,OKC,0.5
180,180,5.6,0.45299999999999996,12.3,0.5,0.31,1.5,2.1,19,0.6,2.9,6.1,0.43700000000000006,13.9,4.3,0.76,5.7,82,82.0,NBA,36.2,1.6,2.3,Andrew Wiggins ,16.9,SF,1.0,2.2,4.6,MIN,0.45399999999999996
181,181,6.6,0.486,13.6,0.7,0.3,2.3,2.0,20,0.6,2.3,7.3,0.45899999999999996,16.0,5.3,0.7609999999999999,7.0,81,81.0,NBA,35.1,1.3,2.0,Andrew Wiggins ,20.7,SF,1.0,2.2,3.6,MIN,0.48100000000000004
182,182,7.4,0.473,15.6,1.3,0.35600000000000004,3.5,2.3,21,0.4,2.8,8.6,0.452,19.1,5.0,0.76,6.6,82,82.0,NBA,37.2,1.2,2.2,Andrew Wiggins ,23.6,SF,1.0,2.3,4.0,MIN,0.484
183,183,5.8,0.504,11.4,1.3,0.317,4.1,1.8,22,0.6,3.0,7.1,0.455,15.5,3.5,0.625,5.6,20,20.0,NBA,36.8,1.1,1.6,Andrew Wiggins ,18.9,SF,1.4,2.0,4.1,MIN,0.49700000000000005
187,187,3.5,0.491,7.1,0.8,0.268,2.9,2.2,28,0.2,2.7,4.3,0.426,10.1,2.1,0.743,2.8,80,17.0,NBA,26.1,1.0,2.2,Corey Brewer ,11.5,SF,1.4,1.6,3.7,TOT,0.465
188,188,3.6,0.467,7.7,0.3,0.195,1.7,3.3,28,0.2,2.6,3.9,0.418,9.4,2.3,0.705,3.3,24,16.0,NBA,28.3,1.3,2.6,Corey Brewer ,10.5,SF,2.3,2.1,3.9,MIN,0.436
189,189,3.5,0.503,6.9,1.0,0.284,3.5,1.7,28,0.3,2.8,4.4,0.429,10.4,2.0,0.764,2.6,56,1.0,NBA,25.1,0.9,2.0,Corey Brewer ,11.9,SF,1.1,1.4,3.6,HOU,0.47700000000000004
195,195,1.1,0.494,2.3,2.4,0.451,5.4,1.6,35,0.3,2.7,3.6,0.46399999999999997,7.7,0.6,0.905,0.6,67,22.0,NBA,26.2,0.1,1.6,Kyle Korver ,10.1,SG,0.5,1.0,2.8,TOT,0.621
196,196,1.3,0.494,2.7,2.0,0.409,5.0,2.3,35,0.4,2.8,3.4,0.439,7.7,0.8,0.889,0.8,32,21.0,NBA,27.9,0.0,1.5,Kyle Korver ,9.5,SG,0.7,1.3,2.8,ATL,0.5710000000000001
197,197,1.0,0.493,2.0,2.8,0.485,5.7,1.0,35,0.2,2.6,3.7,0.48700000000000004,7.7,0.4,0.9329999999999999,0.4,35,1.0,NBA,24.5,0.2,1.7,Kyle Korver ,10.7,SG,0.3,0.8,2.8,CLE,0.667
210,210,5.3,0.495,10.7,1.2,0.36700000000000005,3.2,2.1,22,2.5,5.9,6.5,0.466,13.8,6.2,0.7829999999999999,7.9,31,31.0,NBA,25.4,2.0,3.6,Joel Embiid ,20.2,C,0.9,3.8,7.8,PHI,0.508
211,211,7.4,0.557,13.3,0.8,0.265,3.1,3.4,23,1.8,9.1,8.2,0.502,16.3,5.2,0.755,6.9,16,16.0,NBA,29.2,2.1,3.4,Joel Embiid ,22.4,C,0.8,4.3,11.2,PHI,0.527
214,214,4.1,0.45399999999999996,8.9,1.1,0.33299999999999996,3.4,1.3,20,1.9,5.5,5.2,0.42100000000000004,12.3,2.8,0.838,3.3,72,72.0,NBA,28.4,1.8,2.8,Kristaps Porzingis ,14.3,PF,0.7,1.7,7.3,NYK,0.467
215,215,5.0,0.493,10.2,1.7,0.35700000000000004,4.8,1.5,21,2.0,5.5,6.7,0.45,14.9,3.0,0.7859999999999999,3.8,66,65.0,NBA,32.8,1.7,3.7,Kristaps Porzingis ,18.1,PF,0.7,1.8,7.2,NYK,0.507
216,216,7.5,0.49,15.4,2.1,0.402,5.1,1.2,22,2.3,6.0,9.6,0.46799999999999997,20.5,6.1,0.8370000000000001,7.2,17,17.0,NBA,33.1,1.2,2.9,Kristaps Porzingis ,27.3,PF,0.5,2.4,7.2,NYK,0.519
218,218,1.7,0.5,3.4,0.3,0.271,1.0,0.7,19,0.5,2.6,2.0,0.447,4.4,0.9,0.721,1.3,47,8.0,NBA,17.0,1.0,1.8,Aaron Gordon ,5.2,PF,0.4,0.8,3.6,ORL,0.478
219,219,3.0,0.531,5.6,0.5,0.29600000000000004,1.8,1.6,20,0.7,4.5,3.5,0.473,7.4,1.7,0.6679999999999999,2.5,78,37.0,NBA,23.9,2.0,2.0,Aaron Gordon ,9.2,PF,0.8,0.8,6.5,ORL,0.509
220,220,4.0,0.528,7.5,1.0,0.28800000000000003,3.3,1.9,21,0.5,3.6,4.9,0.45399999999999996,10.8,2.0,0.7190000000000001,2.7,80,72.0,NBA,28.7,1.5,2.2,Aaron Gordon ,12.7,SF,0.8,1.1,5.1,ORL,0.499
221,221,4.2,0.5589999999999999,7.6,2.0,0.419,4.8,2.1,22,0.7,6.7,6.2,0.505,12.3,3.1,0.764,4.0,18,18.0,NBA,31.9,1.4,1.9,Aaron Gordon ,17.5,PF,0.9,1.5,8.1,ORL,0.586
222,222,4.4,0.428,10.4,0.7,0.32899999999999996,2.2,6.5,27,0.3,3.4,5.2,0.41100000000000003,12.6,1.6,0.693,2.3,77,53.0,NBA,29.1,0.6,1.7,Ishmael Smith ,12.6,PG,1.1,2.3,4.0,TOT,0.44
223,223,3.3,0.451,7.2,0.4,0.303,1.2,5.7,27,0.2,2.9,3.6,0.43,8.4,1.2,0.767,1.6,27,3.0,NBA,22.9,0.5,1.4,Ishmael Smith ,8.9,PG,0.9,1.7,3.4,NOP,0.452
224,224,5.1,0.42,12.0,0.9,0.336,2.7,7.0,27,0.4,3.7,6.0,0.405,14.8,1.8,0.669,2.7,50,50.0,NBA,32.4,0.6,1.9,Ishmael Smith ,14.7,PG,1.3,2.6,4.3,PHI,0.436
225,225,7.3,0.5589999999999999,13.0,0.4,0.341,1.1,2.0,20,1.7,7.7,7.6,0.542,14.1,2.7,0.8109999999999999,3.4,82,82.0,NBA,32.0,2.8,3.0,KarlAnthony Towns ,18.3,C,0.7,2.2,10.5,MIN,0.555
226,226,8.5,0.5820000000000001,14.7,1.2,0.36700000000000005,3.4,2.7,21,1.3,8.7,9.8,0.542,18.0,4.3,0.8320000000000001,5.2,82,82.0,NBA,37.0,3.6,2.9,KarlAnthony Towns ,25.1,C,0.7,2.6,12.3,MIN,0.5760000000000001
227,227,6.5,0.586,11.1,1.3,0.35600000000000004,3.7,1.6,22,1.4,8.7,7.8,0.529,14.8,4.0,0.86,4.7,20,20.0,NBA,34.8,2.8,3.4,KarlAnthony Towns ,20.9,C,0.5,1.8,11.5,MIN,0.573
231,231,0.6,0.426,1.4,1.4,0.381,3.6,0.6,23,0.1,1.0,2.0,0.39299999999999996,5.0,0.6,0.898,0.7,68,6.0,NBA,15.5,0.3,1.7,Alex Abrines ,6.0,SG,0.5,0.5,1.3,OKC,0.531
232,232,0.6,0.478,1.2,0.8,0.319,2.5,0.4,24,0.1,1.1,1.4,0.371,3.7,0.5,0.818,0.6,19,0.0,NBA,15.2,0.4,1.7,Alex Abrines ,4.0,SG,0.5,0.4,1.4,OKC,0.479
233,233,1.4,0.444,3.2,0.0,0.0,0.1,0.1,24,0.4,2.0,1.4,0.435,3.3,0.9,0.429,2.0,14,0.0,NBA,9.9,1.8,1.4,Brandan Wright ,3.7,PF,0.2,0.9,3.8,NYK,0.435
234,234,0.5,0.2,2.5,0.0,,0.0,0.0,25,0.0,0.5,0.5,0.2,2.5,0.0,,0.0,2,0.0,NBA,3.5,0.0,1.5,Brandan Wright ,1.0,PF,0.0,1.0,0.5,DEN,0.2
239,239,0.8,0.408,1.9,1.0,0.314,3.2,2.4,19,0.2,1.3,1.8,0.349,5.1,0.2,0.625,0.4,82,41.0,NBA,22.2,0.3,1.8,Dante Exum ,4.8,PG,0.5,1.4,1.6,UTA,0.44799999999999995
240,240,1.7,0.519,3.2,0.7,0.295,2.3,1.7,21,0.2,1.5,2.3,0.42700000000000005,5.5,0.9,0.795,1.1,66,26.0,NBA,18.6,0.5,2.2,Dante Exum ,6.2,PG,0.3,1.2,2.0,UTA,0.488
244,244,1.2,0.5,2.4,0.0,,0.0,0.7,23,0.0,0.8,1.2,0.5,2.4,0.4,0.667,0.7,9,0.0,NBA,7.3,0.1,0.8,Jason Smith ,2.9,C,0.4,0.3,0.9,SAC,0.5
245,245,1.1,0.433,2.6,0.0,0.0,0.1,0.5,24,0.3,0.9,1.1,0.413,2.7,0.9,0.6559999999999999,1.4,23,0.0,NBA,7.9,0.3,1.3,Jason Smith ,3.2,C,0.3,0.2,1.2,TOT,0.413
246,246,0.5,0.3,1.7,0.0,0.0,0.1,0.5,24,0.3,1.0,0.5,0.28600000000000003,1.8,0.5,0.5,1.0,12,0.0,NBA,5.9,0.2,1.0,Jason Smith ,1.5,C,0.2,0.2,1.2,SAC,0.28600000000000003
247,247,1.8,0.5,3.6,0.0,0.0,0.2,0.5,24,0.2,0.7,1.8,0.47600000000000003,3.8,1.4,0.75,1.8,11,0.0,NBA,10.0,0.5,1.7,Jason Smith ,5.0,C,0.4,0.3,1.3,PHI,0.47600000000000003
248,248,0.8,0.38799999999999996,2.2,0.0,0.0,0.1,0.4,26,0.2,0.6,0.8,0.371,2.3,0.4,0.6,0.6,31,0.0,NBA,5.4,0.4,0.8,Jason Smith ,2.1,C,0.1,0.2,1.0,SAC,0.371
249,249,1.4,0.418,3.2,0.0,0.5,0.0,0.8,27,0.3,1.8,1.4,0.419,3.3,0.9,0.745,1.2,45,2.0,NBA,14.4,0.6,2.3,Jason Smith ,3.7,PF,0.6,0.9,2.5,NJN,0.42200000000000004
251,251,1.3,0.41,3.1,1.4,0.335,4.1,3.1,20,0.3,2.4,2.6,0.36700000000000005,7.1,1.2,0.6459999999999999,1.9,67,38.0,NBA,27.0,0.9,2.6,Marcus Smart ,7.8,PG,1.5,1.3,3.3,BOS,0.462
252,252,2.0,0.42700000000000005,4.7,1.0,0.253,4.0,3.0,21,0.3,2.9,3.0,0.348,8.7,2.1,0.777,2.7,61,10.0,NBA,27.3,1.2,3.0,Marcus Smart ,9.1,PG,1.5,1.3,4.2,BOS,0.405
253,253,2.2,0.42,5.3,1.2,0.28300000000000003,4.2,4.6,22,0.4,2.9,3.4,0.359,9.5,2.6,0.812,3.2,79,24.0,NBA,30.4,1.0,2.4,Marcus Smart ,10.6,SG,1.6,2.0,3.9,BOS,0.42200000000000004
254,254,1.7,0.327,5.3,1.2,0.25,4.6,5.1,23,0.5,3.4,2.9,0.29100000000000004,9.9,2.2,0.764,2.9,19,3.0,NBA,30.7,1.1,2.5,Marcus Smart ,9.2,SG,1.4,2.1,4.4,BOS,0.349
255,255,7.5,0.511,14.6,0.0,0.16699999999999998,0.1,1.2,20,1.2,4.7,7.5,0.508,14.7,2.5,0.6859999999999999,3.7,53,48.0,NBA,30.0,2.3,2.6,Jahlil Okafor ,17.5,C,0.4,2.3,7.0,PHI,0.509
256,256,4.8,0.514,9.4,0.0,,0.0,1.2,21,1.0,3.2,4.8,0.514,9.4,2.1,0.6709999999999999,3.2,50,33.0,NBA,22.7,1.6,2.4,Jahlil Okafor ,11.8,C,0.4,1.8,4.8,PHI,0.514
257,257,2.0,0.444,4.5,0.0,,0.0,0.5,22,1.0,2.5,2.0,0.444,4.5,1.0,0.5,2.0,2,0.0,NBA,12.5,2.0,3.5,Jahlil Okafor ,5.0,C,0.0,1.5,4.5,PHI,0.444
258,258,4.0,0.462,8.7,0.0,,0.0,1.7,20,1.9,5.7,4.0,0.462,8.7,1.9,0.609,3.1,75,71.0,NBA,30.8,2.5,2.8,Nerlens Noel ,9.9,C,1.8,1.9,8.1,PHI,0.462
259,259,4.6,0.521,8.7,0.0,0.5,0.0,1.8,21,1.5,5.8,4.6,0.521,8.8,2.0,0.59,3.4,67,62.0,NBA,29.3,2.3,2.9,Nerlens Noel ,11.1,C,1.8,2.4,8.1,PHI,0.522
260,260,3.6,0.597,6.0,0.0,0.0,0.0,1.0,22,1.0,3.9,3.6,0.595,6.1,1.5,0.6940000000000001,2.2,51,19.0,NBA,20.5,1.8,2.5,Nerlens Noel ,8.7,C,1.3,1.0,5.8,TOT,0.595
261,261,3.7,0.615,6.0,0.0,0.0,0.0,1.0,22,0.9,3.4,3.7,0.611,6.0,1.5,0.6829999999999999,2.2,29,7.0,NBA,19.4,1.6,2.4,Nerlens Noel ,8.9,C,1.5,1.0,5.0,PHI,0.611
262,262,3.5,0.575,6.1,0.0,,0.0,0.9,22,1.1,4.7,3.5,0.575,6.1,1.5,0.708,2.2,22,12.0,NBA,22.0,2.1,2.5,Nerlens Noel ,8.5,C,1.0,1.0,6.8,DAL,0.575
263,263,1.6,0.528,2.9,0.0,,0.0,0.3,23,0.6,2.6,1.6,0.528,2.9,0.9,0.8420000000000001,1.1,18,6.0,NBA,12.5,1.4,1.7,Nerlens Noel ,4.0,C,0.6,0.8,4.1,DAL,0.528
267,267,1.8,0.47200000000000003,3.9,1.4,0.345,4.1,4.0,32,0.1,1.8,3.3,0.40700000000000003,8.0,0.4,0.667,0.6,63,29.0,NBA,22.3,0.5,2.2,Jameer Nelson ,8.3,PG,0.7,1.7,2.3,TOT,0.495
268,268,1.0,0.38299999999999995,2.6,1.7,0.369,4.5,4.1,32,0.1,2.1,2.7,0.374,7.1,0.3,0.875,0.3,23,23.0,NBA,25.4,0.6,2.3,Jameer Nelson ,7.3,PG,0.7,1.7,2.7,DAL,0.491
269,269,0.7,0.25,2.7,0.8,0.2,4.2,5.5,32,0.0,2.3,1.5,0.22,6.8,1.0,0.667,1.5,6,1.0,NBA,20.2,0.5,2.2,Jameer Nelson ,4.8,PG,1.2,1.5,2.8,BOS,0.28
270,270,2.6,0.524,5.0,1.4,0.354,3.8,3.7,32,0.1,1.5,4.0,0.45,8.8,0.3,0.579,0.6,34,5.0,NBA,20.6,0.5,2.1,Jameer Nelson ,9.6,PG,0.7,1.8,1.9,DEN,0.527
271,271,1.0,0.33299999999999996,3.0,0.0,,0.0,0.0,20,0.0,0.0,1.0,0.33299999999999996,3.0,0.0,0.0,2.0,1,0.0,NBA,14.0,0.0,1.0,Julius Randle ,2.0,PF,0.0,1.0,0.0,LAL,0.33299999999999996
272,272,4.3,0.436,9.9,0.1,0.278,0.4,1.8,21,0.4,8.1,4.4,0.429,10.3,2.4,0.715,3.3,81,60.0,NBA,28.2,2.1,3.0,Julius Randle ,11.3,PF,0.7,1.8,10.2,LAL,0.435
273,273,4.9,0.507,9.6,0.2,0.27,0.9,3.6,22,0.5,6.6,5.1,0.488,10.4,2.8,0.723,3.8,74,73.0,NBA,28.8,2.0,3.4,Julius Randle ,13.2,PF,0.7,2.3,8.6,LAL,0.499
274,274,4.5,0.581,7.8,0.2,0.25,0.8,1.7,23,0.8,5.5,4.7,0.5489999999999999,8.6,2.5,0.6809999999999999,3.6,19,0.0,NBA,21.6,1.4,3.3,Julius Randle ,12.2,C,0.5,2.3,6.9,LAL,0.561
275,275,0.8,0.408,2.0,0.7,0.322,2.0,0.9,21,0.2,1.1,1.5,0.365,4.1,0.8,0.8590000000000001,0.9,73,1.0,NBA,15.4,0.2,1.3,Nik Stauskas ,4.4,SG,0.3,0.5,1.2,SAC,0.446
276,276,1.4,0.473,3.0,1.5,0.326,4.5,1.9,22,0.3,2.2,2.9,0.385,7.5,1.2,0.7709999999999999,1.6,73,35.0,NBA,24.8,0.3,1.6,Nik Stauskas ,8.5,SG,0.6,1.3,2.5,PHI,0.483
277,277,1.5,0.433,3.4,1.7,0.368,4.5,2.4,23,0.4,2.6,3.1,0.396,7.9,1.5,0.813,1.9,80,27.0,NBA,27.4,0.3,1.8,Nik Stauskas ,9.5,SG,0.6,1.6,2.8,PHI,0.5
278,278,0.3,0.5,0.7,0.0,,0.0,0.0,24,0.0,0.3,0.3,0.5,0.7,0.7,1.0,0.7,3,0.0,NBA,6.3,0.0,0.3,Nik Stauskas ,1.3,SG,0.7,0.7,0.3,PHI,0.5
285,285,1.0,0.564,1.8,0.8,0.384,2.1,1.4,27,0.4,2.7,1.8,0.46799999999999997,3.9,0.7,0.727,0.9,60,0.0,NBA,17.9,0.8,2.6,Nemanja Bjelica ,5.1,PF,0.4,0.8,3.5,MIN,0.57
286,286,1.5,0.531,2.8,0.9,0.316,2.7,1.2,28,0.3,2.9,2.3,0.424,5.5,0.7,0.738,0.9,65,1.0,NBA,18.3,0.9,2.4,Nemanja Bjelica ,6.2,PF,0.6,0.9,3.8,MIN,0.503
287,287,1.5,0.643,2.3,1.2,0.512,2.3,0.7,29,0.2,2.4,2.7,0.578,4.6,0.6,0.917,0.7,18,0.0,NBA,15.3,0.4,1.7,Nemanja Bjelica ,7.1,PF,0.6,0.7,2.8,MIN,0.705
288,288,1.0,0.397,2.5,0.2,0.385,0.5,0.2,19,0.4,2.3,1.2,0.395,3.0,0.7,0.6920000000000001,1.0,25,0.0,NBA,10.4,1.1,0.8,Noah Vonleh ,3.3,PF,0.2,0.4,3.4,CHO,0.428
289,289,1.4,0.457,3.0,0.1,0.239,0.6,0.4,20,0.3,2.7,1.5,0.42100000000000004,3.6,0.5,0.745,0.7,78,56.0,NBA,15.1,1.2,1.9,Noah Vonleh ,3.6,PF,0.3,0.6,3.9,POR,0.441
290,290,1.7,0.49200000000000005,3.4,0.1,0.35,0.3,0.4,21,0.4,3.5,1.8,0.48100000000000004,3.6,0.8,0.638,1.3,74,41.0,NBA,17.1,1.8,2.1,Noah Vonleh ,4.4,PF,0.4,0.9,5.2,POR,0.494
291,291,2.2,0.547,4.1,0.0,,0.0,0.7,22,0.6,5.8,2.2,0.547,4.1,0.7,0.75,0.9,13,9.0,NBA,22.2,2.0,2.1,Noah Vonleh ,5.2,PF,0.3,0.7,7.8,POR,0.547
292,292,2.1,0.47100000000000003,4.4,0.4,0.276,1.5,1.5,19,0.3,4.1,2.5,0.42200000000000004,5.9,1.0,0.684,1.5,78,8.0,NBA,28.6,1.0,2.4,Justise Winslow ,6.4,SF,0.9,1.2,5.2,MIA,0.457
293,293,4.1,0.384,10.6,0.4,0.2,1.9,3.7,20,0.3,3.9,4.4,0.35600000000000004,12.5,1.6,0.617,2.6,18,15.0,NBA,34.7,1.3,2.9,Justise Winslow ,10.9,SF,1.4,1.8,5.2,MIA,0.371
294,294,2.4,0.469,5.1,0.4,0.33299999999999996,1.3,1.6,21,0.4,4.7,2.8,0.442,6.3,0.7,0.7,1.1,19,11.0,NBA,23.4,0.9,2.1,Justise Winslow ,6.7,SF,0.8,1.0,5.6,MIA,0.475
295,295,3.3,0.41,8.0,1.6,0.33,4.8,5.7,21,0.1,2.4,4.9,0.38,12.8,1.5,0.903,1.6,70,68.0,NBA,32.3,0.5,2.1,Trey Burke ,12.8,PG,0.6,1.9,3.0,UTA,0.442
296,296,3.2,0.4,8.1,1.6,0.318,5.1,4.3,22,0.2,2.3,4.9,0.368,13.2,1.4,0.752,1.9,76,43.0,NBA,30.1,0.4,1.6,Trey Burke ,12.8,PG,0.9,1.6,2.7,UTA,0.43
297,297,2.7,0.46,5.9,1.4,0.344,4.0,2.3,23,0.1,1.5,4.1,0.413,9.9,1.0,0.8170000000000001,1.3,64,0.0,NBA,21.3,0.3,1.3,Trey Burke ,10.6,PG,0.5,1.3,1.8,UTA,0.483
298,298,1.5,0.45899999999999996,3.2,0.5,0.44299999999999995,1.2,1.8,24,0.1,0.7,2.0,0.455,4.5,0.4,0.759,0.5,57,0.0,NBA,12.3,0.1,0.9,Trey Burke ,5.0,PG,0.2,0.8,0.8,WAS,0.516
301,301,3.5,0.435,8.1,0.1,0.262,0.5,6.5,20,0.2,3.0,3.7,0.425,8.6,1.4,0.551,2.6,82,63.0,NBA,30.4,1.3,2.4,Elfrid Payton ,8.9,PG,1.7,2.5,4.3,ORL,0.433
302,302,3.9,0.451,8.7,0.4,0.326,1.3,6.4,21,0.3,2.5,4.4,0.436,10.0,1.5,0.589,2.6,73,69.0,NBA,29.4,1.1,2.2,Elfrid Payton ,10.7,PG,1.2,2.4,3.6,ORL,0.456
303,303,4.8,0.509,9.3,0.5,0.27399999999999997,1.8,6.5,22,0.5,3.6,5.2,0.47100000000000003,11.1,1.8,0.6920000000000001,2.6,82,58.0,NBA,29.4,1.1,2.2,Elfrid Payton ,12.8,PG,1.1,2.2,4.7,ORL,0.493
304,304,3.5,0.47,7.5,0.6,0.389,1.6,6.9,23,0.4,2.5,4.2,0.455,9.2,0.8,0.429,1.9,11,11.0,NBA,25.7,1.2,1.8,Elfrid Payton ,9.8,PG,1.4,2.8,3.7,ORL,0.49
305,305,4.4,0.506,8.6,0.1,0.214,0.2,0.7,19,1.4,4.4,4.4,0.498,8.8,1.5,0.727,2.0,60,30.0,NBA,22.8,1.1,2.6,Myles Turner ,10.3,C,0.4,1.1,5.5,IND,0.501
306,306,5.0,0.536,9.3,0.5,0.348,1.4,1.3,20,2.1,5.6,5.5,0.511,10.7,3.0,0.809,3.7,81,81.0,NBA,31.4,1.7,3.2,Myles Turner ,14.5,C,0.9,1.3,7.3,IND,0.534
307,307,4.5,0.509,8.8,0.8,0.379,2.2,1.4,21,2.5,6.6,5.3,0.483,11.0,2.1,0.7709999999999999,2.7,13,12.0,NBA,28.5,1.1,3.2,Myles Turner ,13.5,C,0.3,1.3,7.7,IND,0.521
313,313,0.8,0.455,1.8,0.4,0.317,1.1,0.2,23,0.0,1.0,1.2,0.402,3.0,0.3,0.667,0.4,36,0.0,NBA,8.9,0.2,0.8,Doug McDermott ,3.0,SF,0.1,0.5,1.2,CHI,0.46299999999999997
314,314,2.2,0.47,4.8,1.4,0.425,3.2,0.7,24,0.1,2.0,3.6,0.452,8.0,0.9,0.857,1.0,81,4.0,NBA,23.0,0.5,1.6,Doug McDermott ,9.4,SF,0.2,0.7,2.4,CHI,0.537
315,315,2.2,0.502,4.4,1.2,0.37,3.2,0.9,25,0.1,2.4,3.4,0.447,7.5,1.1,0.845,1.3,66,5.0,NBA,22.8,0.3,1.2,Doug McDermott ,9.0,SF,0.2,0.6,2.7,TOT,0.524
316,316,2.5,0.493,5.1,1.3,0.373,3.4,1.0,25,0.1,2.6,3.8,0.445,8.5,1.3,0.8809999999999999,1.5,44,4.0,NBA,24.5,0.3,1.3,Doug McDermott ,10.2,SF,0.3,0.7,3.0,CHI,0.52
317,317,1.6,0.53,3.0,1.0,0.36200000000000004,2.6,0.6,25,0.0,2.0,2.5,0.452,5.6,0.5,0.706,0.8,22,1.0,NBA,19.5,0.3,1.0,Doug McDermott ,6.6,SF,0.1,0.3,2.2,OKC,0.536
318,318,1.8,0.493,3.7,1.2,0.41100000000000003,2.9,1.1,26,0.3,2.1,3.1,0.457,6.7,0.6,0.846,0.7,19,0.0,NBA,22.6,0.9,1.6,Doug McDermott ,7.9,SF,0.2,0.7,3.0,NYK,0.547
319,319,1.8,0.461,3.9,0.6,0.38299999999999995,1.6,0.7,20,0.2,3.0,2.4,0.43799999999999994,5.5,0.7,0.695,1.0,80,33.0,NBA,17.3,0.7,1.4,Trey Lyles ,6.1,PF,0.3,0.8,3.7,UTA,0.494
320,320,1.3,0.4,3.3,0.9,0.319,2.9,1.0,21,0.3,2.6,2.2,0.36200000000000004,6.2,0.8,0.722,1.1,71,4.0,NBA,16.3,0.7,1.4,Trey Lyles ,6.2,PF,0.4,0.9,3.3,UTA,0.436
321,321,1.1,0.5770000000000001,1.9,0.5,0.389,1.3,0.4,22,0.3,1.8,1.6,0.5,3.1,0.4,0.625,0.6,14,0.0,NBA,8.6,0.5,0.5,Trey Lyles ,4.0,PF,0.2,0.6,2.3,DEN,0.58
328,328,3.0,0.449,6.6,0.7,0.341,2.2,3.6,19,0.1,2.4,3.7,0.42200000000000004,8.8,1.9,0.8420000000000001,2.3,77,40.0,NBA,24.7,0.4,2.1,Zach LaVine ,10.1,PG,0.7,2.5,2.8,MIN,0.465
329,329,3.8,0.48200000000000004,7.8,1.5,0.389,3.9,3.1,20,0.2,2.5,5.3,0.452,11.7,2.0,0.7929999999999999,2.5,82,33.0,NBA,28.0,0.3,2.4,Zach LaVine ,14.0,SG,0.8,1.9,2.8,MIN,0.516
330,330,4.4,0.515,8.5,2.6,0.387,6.6,3.0,21,0.2,3.0,6.9,0.45899999999999996,15.1,2.5,0.836,3.0,47,47.0,NBA,37.2,0.4,2.2,Zach LaVine ,18.9,SG,0.9,1.8,3.4,MIN,0.544
332,332,0.9,0.473,1.9,0.2,0.243,0.6,1.6,25,0.1,1.0,1.1,0.415,2.6,0.4,0.6970000000000001,0.6,57,3.0,NBA,12.6,0.4,1.1,Tomas Satoransky ,2.7,SG,0.5,0.7,1.5,WAS,0.446
333,333,0.8,0.42100000000000004,1.9,0.2,0.33299999999999996,0.6,1.6,26,0.0,1.0,1.0,0.4,2.5,0.4,0.5,0.8,10,0.0,NBA,11.1,0.6,1.3,Tomas Satoransky ,2.6,SG,0.4,0.6,1.6,WAS,0.44
335,335,3.2,0.34600000000000003,9.2,0.3,0.316,1.1,0.7,23,,,3.5,0.34299999999999997,10.3,1.0,0.611,1.6,72,,ABA,20.5,,2.0,Stanley Johnson ,8.4,PF,,1.2,5.8,TOT,0.36
336,336,2.7,0.33799999999999997,8.0,0.5,0.34600000000000003,1.5,0.3,23,,,3.2,0.34,9.5,0.8,0.56,1.5,17,,ABA,16.4,,1.1,Stanley Johnson ,7.8,PF,,1.1,5.2,KEN,0.36700000000000005
337,337,3.3,0.348,9.6,0.3,0.302,1.0,0.8,23,,,3.6,0.344,10.6,1.0,0.625,1.6,55,,ABA,21.7,,2.3,Stanley Johnson ,8.6,PF,,1.3,5.9,NJA,0.358
338,338,7.1,0.43799999999999994,16.2,0.8,0.35,2.3,1.8,24,,5.2,7.9,0.42700000000000005,18.5,2.6,0.787,3.2,78,,ABA,31.8,2.5,2.3,Stanley Johnson ,19.2,PF,,2.2,7.7,TOT,0.449
339,339,2.9,0.406,7.1,0.2,0.25,0.9,1.0,24,,3.6,3.1,0.389,8.0,1.8,0.941,1.9,9,,ABA,22.8,1.3,2.7,Stanley Johnson ,8.2,PF,,1.0,4.9,NYA,0.40299999999999997
340,340,7.6,0.439,17.3,0.9,0.354,2.5,1.9,24,,5.4,8.5,0.429,19.9,2.7,0.775,3.4,69,,ABA,33.0,2.7,2.2,Stanley Johnson ,20.6,PF,,2.4,8.1,HSM,0.451
341,341,6.5,0.413,15.8,0.2,0.273,0.7,1.5,25,,4.5,6.7,0.40700000000000003,16.5,1.7,0.778,2.2,81,,ABA,29.0,2.3,2.6,Stanley Johnson ,15.3,PF,,1.9,6.8,PTP,0.41200000000000003
342,342,6.9,0.444,15.6,0.1,0.3,0.5,1.5,26,,5.4,7.1,0.439,16.1,1.7,0.8420000000000001,2.0,84,,ABA,30.9,2.3,2.6,Stanley Johnson ,16.0,PF,,1.9,7.7,PTC,0.444
343,343,5.3,0.426,12.3,0.2,0.34,0.7,1.3,27,,4.0,5.5,0.42100000000000004,13.0,1.1,0.737,1.5,67,,ABA,22.9,1.7,2.4,Stanley Johnson ,12.3,PF,,1.4,5.7,TOT,0.43
344,344,4.8,0.392,12.3,0.2,0.429,0.4,0.9,27,,4.9,5.0,0.39399999999999996,12.7,1.2,0.769,1.5,17,,ABA,24.1,1.5,2.5,Stanley Johnson ,11.4,PF,,1.4,6.5,PTC,0.4
345,345,5.4,0.43700000000000006,12.4,0.3,0.325,0.8,1.5,27,,3.6,5.7,0.43,13.2,1.1,0.726,1.5,50,,ABA,22.5,1.8,2.3,Stanley Johnson ,12.6,PF,,1.3,5.4,CAR,0.44
346,346,9.2,0.45299999999999996,20.2,0.5,0.278,1.7,2.2,28,,5.2,9.6,0.44,21.9,2.4,0.8190000000000001,3.0,80,,ABA,36.9,2.2,3.2,Stanley Johnson ,22.1,PF,,2.0,7.5,SDA,0.451
347,347,7.8,0.445,17.6,0.7,0.311,2.3,1.5,29,0.2,4.2,8.5,0.429,19.9,2.4,0.847,2.8,84,,ABA,31.6,2.2,1.9,Stanley Johnson ,20.1,PF,0.9,1.6,6.3,SDA,0.447
348,348,7.7,0.45799999999999996,16.8,0.5,0.303,1.6,1.7,30,0.3,4.4,8.2,0.445,18.4,0.8,0.733,1.1,81,,ABA,34.7,1.7,2.8,Stanley Johnson ,17.7,PF,1.2,1.5,6.1,TOT,0.45799999999999996
349,349,7.7,0.43700000000000006,17.6,0.3,0.25,1.3,2.0,30,0.6,4.4,8.0,0.424,18.9,0.4,0.8,0.6,9,,ABA,28.1,1.2,3.2,Stanley Johnson ,16.8,PF,0.7,1.9,5.7,SDA,0.43200000000000005
350,350,7.7,0.461,16.7,0.5,0.308,1.7,1.7,30,0.3,4.4,8.2,0.447,18.4,0.8,0.728,1.1,72,,ABA,35.5,1.8,2.8,Stanley Johnson ,17.8,PF,1.3,1.4,6.1,MMS,0.461
351,351,3.0,0.326,9.2,0.1,0.077,0.7,1.2,31,0.1,1.3,3.1,0.31,9.9,0.9,0.818,1.1,20,,ABA,17.5,1.1,1.8,Stanley Johnson ,7.1,PF,0.4,0.7,2.4,TOT,0.312
352,352,4.0,0.35100000000000003,11.4,0.0,0.0,0.5,0.8,31,0.1,1.7,4.0,0.336,11.9,1.6,0.889,1.8,10,,ABA,22.7,1.2,1.9,Stanley Johnson ,9.6,PF,0.6,1.1,2.9,SDS,0.336
353,353,2.0,0.28600000000000003,7.0,0.1,0.125,0.8,1.5,31,0.0,0.9,2.1,0.26899999999999996,7.8,0.2,0.5,0.4,10,,ABA,12.3,1.0,1.6,Stanley Johnson ,4.5,PF,0.2,0.2,1.9,SAA,0.276
356,356,0.7,0.483,1.4,0.7,0.27699999999999997,2.3,0.5,19,0.5,1.9,1.3,0.354,3.7,0.1,0.364,0.3,43,0.0,NBA,13.3,0.5,1.7,Dragan Bender ,3.4,PF,0.2,0.7,2.4,PHO,0.441
357,357,0.8,0.425,1.9,1.2,0.382,3.2,0.9,20,0.6,3.3,2.0,0.39799999999999996,5.1,0.6,0.75,0.8,21,0.0,NBA,21.5,0.5,1.6,Dragan Bender ,5.9,PF,0.3,1.2,3.8,PHO,0.519
358,358,0.3,0.25,1.3,0.0,,0.0,0.2,22,0.0,1.5,0.3,0.25,1.3,0.3,0.5,0.7,6,0.0,NBA,3.8,0.3,1.0,Lucas Nogueira ,1.0,C,0.3,0.3,1.8,TOR,0.25
359,359,0.9,0.659,1.4,0.0,0.33299999999999996,0.1,0.2,23,0.4,1.0,1.0,0.636,1.5,0.3,0.5329999999999999,0.5,29,1.0,NBA,7.8,0.6,1.0,Lucas Nogueira ,2.2,C,0.4,0.4,1.6,TOR,0.648
360,360,1.8,0.6940000000000001,2.5,0.1,0.25,0.2,0.7,24,1.6,2.8,1.8,0.66,2.7,0.8,0.657,1.2,57,6.0,NBA,19.1,1.4,2.4,Lucas Nogueira ,4.4,C,0.9,0.8,4.3,TOR,0.67
361,361,1.6,0.7140000000000001,2.2,0.1,0.222,0.6,0.4,25,1.3,2.3,1.7,0.614,2.8,0.4,0.778,0.6,16,2.0,NBA,12.3,0.6,1.5,Lucas Nogueira ,3.9,C,0.6,0.6,2.8,TOR,0.636
362,362,2.8,0.449,6.1,0.0,0.0,0.0,0.8,20,1.1,4.1,2.8,0.446,6.2,1.4,0.636,2.1,62,27.0,NBA,17.8,2.0,3.3,Jusuf Nurkic ,6.9,C,0.8,1.4,6.2,DEN,0.446
363,363,3.2,0.423,7.5,0.0,0.0,0.1,1.3,21,1.4,3.4,3.2,0.41700000000000004,7.6,1.9,0.616,3.1,32,3.0,NBA,17.1,2.0,2.8,Jusuf Nurkic ,8.2,C,0.8,1.7,5.5,DEN,0.41700000000000004
364,364,4.2,0.508,8.2,0.0,0.0,0.0,1.9,22,1.1,4.8,4.2,0.507,8.2,1.8,0.5710000000000001,3.2,65,48.0,NBA,21.4,2.4,2.5,Jusuf Nurkic ,10.2,C,0.8,2.2,7.2,TOT,0.507
365,365,3.4,0.507,6.6,0.0,,0.0,1.3,22,0.8,3.8,3.4,0.507,6.6,1.2,0.496,2.5,45,29.0,NBA,17.9,2.0,2.0,Jusuf Nurkic ,8.0,C,0.6,1.8,5.8,DEN,0.507
366,366,6.0,0.511,11.8,0.0,0.0,0.1,3.2,22,1.9,7.1,6.0,0.508,11.8,3.2,0.66,4.9,20,19.0,NBA,29.2,3.3,3.7,Jusuf Nurkic ,15.2,C,1.3,3.1,10.4,POR,0.508
367,367,6.3,0.466,13.4,0.0,0.0,0.3,2.0,23,1.3,5.8,6.3,0.45799999999999996,13.7,2.7,0.631,4.2,20,20.0,NBA,27.9,1.9,3.1,Jusuf Nurkic ,15.2,C,0.8,3.1,7.7,POR,0.45799999999999996
371,371,2.9,0.5,5.7,0.4,0.385,1.1,1.9,25,0.1,2.7,3.3,0.48100000000000004,6.9,1.3,0.784,1.6,69,13.0,NBA,19.9,0.6,2.0,Lance Stephenson ,8.3,SF,0.6,1.4,3.2,TOT,0.513
372,372,1.5,0.529,2.8,0.4,0.40399999999999997,1.1,1.4,25,0.1,2.1,1.9,0.494,3.9,0.5,0.7,0.7,43,10.0,NBA,15.8,0.4,1.8,Lance Stephenson ,4.7,SF,0.6,1.1,2.5,LAC,0.551
373,373,5.2,0.48700000000000004,10.7,0.4,0.355,1.2,2.8,25,0.2,3.6,5.6,0.474,11.8,2.5,0.815,3.1,26,3.0,NBA,26.6,0.8,2.2,Lance Stephenson ,14.2,SF,0.7,1.8,4.4,MEM,0.49200000000000005
375,375,1.2,0.40399999999999997,3.1,0.3,0.28800000000000003,0.9,2.4,22,0.5,1.8,1.5,0.377,4.0,0.5,0.61,0.8,78,7.0,NBA,17.1,0.3,2.3,Kris Dunn ,3.8,PG,1.0,1.1,2.1,MIN,0.41100000000000003
376,376,3.7,0.40299999999999997,9.2,0.8,0.355,2.2,3.9,23,0.3,3.9,4.5,0.39399999999999996,11.4,0.9,0.75,1.1,14,5.0,NBA,26.4,0.8,3.1,Kris Dunn ,10.6,PG,1.9,3.3,4.7,CHI,0.428
377,377,1.1,0.5329999999999999,2.0,0.4,0.321,1.3,0.5,20,0.0,0.5,1.5,0.452,3.3,0.4,0.8,0.5,22,1.0,NBA,7.5,0.2,0.5,Malik Beasley ,3.8,SG,0.3,0.4,0.8,DEN,0.514
378,378,0.7,0.5,1.4,0.4,0.33299999999999996,1.2,0.5,21,0.0,1.1,1.1,0.426,2.6,0.3,0.556,0.5,18,0.0,NBA,8.2,0.3,0.7,Malik Beasley ,2.9,SG,0.1,0.4,1.4,DEN,0.5
380,380,0.8,0.395,2.1,0.4,0.204,1.9,0.5,20,0.1,0.8,1.2,0.304,3.9,0.6,0.745,0.9,55,6.0,NBA,13.1,0.4,1.3,Gary Harris ,3.4,SG,0.7,0.7,1.2,DEN,0.353
381,381,3.3,0.5429999999999999,6.2,1.4,0.354,3.9,1.9,21,0.2,2.2,4.7,0.469,10.1,1.4,0.82,1.8,76,76.0,NBA,32.1,0.7,1.9,Gary Harris ,12.3,SG,1.3,1.3,2.9,DEN,0.5379999999999999
382,382,3.7,0.5579999999999999,6.7,1.9,0.42,4.5,2.9,22,0.1,2.3,5.6,0.502,11.2,1.8,0.7759999999999999,2.4,57,56.0,NBA,31.3,0.8,1.6,Gary Harris ,14.9,SG,1.2,1.3,3.1,DEN,0.586
383,383,3.2,0.563,5.6,2.4,0.449,5.2,2.6,23,0.4,2.0,5.5,0.508,10.9,0.6,0.733,0.9,17,17.0,NBA,32.3,0.7,2.1,Gary Harris ,14.1,SG,1.9,1.6,2.7,DEN,0.616
384,384,2.2,0.461,4.7,1.8,0.391,4.6,1.5,23,0.1,2.9,4.0,0.426,9.4,0.8,0.8420000000000001,0.9,82,55.0,NBA,23.0,0.4,1.4,Buddy Hield ,10.6,SG,0.5,1.2,3.3,TOT,0.523
385,385,1.7,0.41700000000000004,4.0,1.6,0.369,4.2,1.4,23,0.1,2.6,3.2,0.39299999999999996,8.3,0.5,0.879,0.6,57,37.0,NBA,20.4,0.3,1.4,Buddy Hield ,8.6,SG,0.3,0.8,2.9,NOP,0.48700000000000004
386,386,3.3,0.525,6.3,2.4,0.428,5.5,1.8,23,0.1,3.5,5.7,0.48,11.8,1.4,0.8140000000000001,1.7,25,18.0,NBA,29.1,0.6,1.4,Buddy Hield ,15.1,SG,0.8,2.1,4.1,SAC,0.579
387,387,2.8,0.436,6.5,1.9,0.44,4.4,1.7,24,0.2,3.2,4.8,0.43799999999999994,10.9,0.9,0.8420000000000001,1.1,17,7.0,NBA,23.1,0.8,2.1,Buddy Hield ,12.4,SG,1.2,1.5,4.1,SAC,0.527
389,389,0.3,0.222,1.1,0.3,0.667,0.4,0.0,19,0.1,0.1,0.5,0.33299999999999996,1.5,0.0,,0.0,8,0.0,NBA,2.9,0.1,0.4,Bruno Caboclo ,1.3,SF,0.0,0.5,0.3,TOR,0.41700000000000004
390,390,0.0,0.0,0.8,0.2,0.14300000000000002,1.2,0.2,20,0.2,0.2,0.2,0.083,2.0,0.0,,0.0,6,1.0,NBA,7.2,0.2,0.3,Bruno Caboclo ,0.5,SF,0.3,0.7,0.3,TOR,0.125
391,391,0.4,0.4,1.1,0.2,0.33299999999999996,0.7,0.4,21,0.1,0.6,0.7,0.375,1.8,0.0,,0.0,9,0.0,NBA,4.4,0.6,0.4,Bruno Caboclo ,1.6,SF,0.2,0.2,1.1,TOR,0.43799999999999994
392,392,0.0,,0.0,0.0,0.0,1.0,0.5,22,0.0,0.5,0.0,0.0,1.0,0.0,,0.0,2,0.0,NBA,3.5,0.0,0.5,Bruno Caboclo ,0.0,SF,0.5,0.0,0.5,TOR,0.0
395,395,3.5,0.46399999999999997,7.6,1.3,0.34299999999999997,3.8,2.6,19,0.3,2.1,4.8,0.423,11.4,2.8,0.84,3.4,76,51.0,NBA,27.7,0.4,3.0,Devin Booker ,13.8,SG,0.6,2.1,2.5,PHO,0.48
396,396,5.9,0.447,13.2,1.9,0.363,5.2,3.4,20,0.3,2.6,7.8,0.423,18.3,4.7,0.8320000000000001,5.7,78,78.0,NBA,35.0,0.6,3.1,Devin Booker ,22.1,SG,0.9,3.1,3.2,PHO,0.475
397,397,5.7,0.483,11.7,2.3,0.35700000000000004,6.5,4.2,21,0.3,3.7,8.0,0.43799999999999994,18.2,4.3,0.8690000000000001,5.0,20,20.0,NBA,33.7,0.5,3.1,Devin Booker ,22.5,SG,0.9,3.1,4.2,PHO,0.501
398,398,1.7,0.43700000000000006,3.8,0.0,,0.0,0.7,23,1.5,1.7,1.7,0.43700000000000006,3.8,0.7,0.6559999999999999,1.1,58,18.0,NBA,17.8,1.4,2.5,Ekpe Udoh ,4.1,C,0.4,0.8,3.1,GSW,0.43700000000000006
399,399,2.1,0.433,4.8,0.0,0.0,0.0,0.9,24,1.7,2.5,2.1,0.431,4.8,1.4,0.754,1.9,61,11.0,NBA,21.1,1.6,2.9,Ekpe Udoh ,5.6,C,0.7,0.9,4.2,TOT,0.431
400,400,2.2,0.44299999999999995,4.9,0.0,,0.0,0.8,24,1.7,2.3,2.2,0.44299999999999995,4.9,1.2,0.7190000000000001,1.7,38,6.0,NBA,21.8,1.5,3.0,Ekpe Udoh ,5.5,C,0.7,0.9,3.9,GSW,0.44299999999999995
401,401,2.0,0.41700000000000004,4.7,0.0,0.0,0.1,1.1,24,1.6,2.8,2.0,0.409,4.8,1.7,0.8,2.2,23,5.0,NBA,20.1,1.8,2.6,Ekpe Udoh ,5.7,C,0.7,0.8,4.7,MIL,0.409
402,402,1.5,0.43700000000000006,3.5,0.0,0.0,0.0,0.6,25,1.1,1.8,1.5,0.435,3.5,1.2,0.748,1.6,76,9.0,NBA,17.3,1.5,1.8,Ekpe Udoh ,4.3,C,0.5,0.6,3.3,MIL,0.435
403,403,1.4,0.39899999999999997,3.4,0.0,,0.0,0.7,26,1.0,2.1,1.4,0.39899999999999997,3.4,0.7,0.638,1.1,42,14.0,NBA,19.1,1.5,2.3,Ekpe Udoh ,3.4,PF,0.4,0.9,3.5,MIL,0.39899999999999997
404,404,0.3,0.45799999999999996,0.7,0.0,,0.0,0.2,27,0.2,0.6,0.3,0.45799999999999996,0.7,0.2,0.778,0.3,33,0.0,NBA,3.9,0.2,0.6,Ekpe Udoh ,0.9,PF,0.2,0.2,0.8,LAC,0.45799999999999996
405,405,0.9,0.45899999999999996,1.9,0.0,,0.0,1.3,30,1.5,1.2,0.9,0.45899999999999996,1.9,0.8,0.8,1.0,20,0.0,NBA,14.9,1.2,2.2,Ekpe Udoh ,2.5,C,0.7,0.5,2.3,UTA,0.45899999999999996
406,406,1.9,0.456,4.1,1.2,0.365,3.4,1.7,22,0.2,2.2,3.1,0.414,7.5,1.2,0.763,1.6,50,21.0,NBA,21.3,0.2,2.4,Rodney Hood ,8.7,SG,0.6,0.9,2.3,UTA,0.49700000000000005
407,407,3.1,0.47200000000000003,6.6,2.0,0.359,5.7,2.7,23,0.2,2.9,5.2,0.42,12.3,2.2,0.86,2.5,79,79.0,NBA,32.2,0.5,2.6,Rodney Hood ,14.5,SG,0.9,1.6,3.4,UTA,0.503
408,408,2.7,0.44,6.1,1.9,0.371,5.2,1.6,24,0.2,3.2,4.6,0.408,11.3,1.5,0.7829999999999999,1.9,59,55.0,NBA,27.0,0.3,2.2,Rodney Hood ,12.7,SG,0.6,1.1,3.4,UTA,0.494
409,409,3.3,0.435,7.7,2.8,0.402,7.1,1.8,25,0.2,2.3,6.2,0.419,14.7,2.6,0.92,2.8,18,9.0,NBA,28.3,0.3,1.9,Rodney Hood ,17.7,SG,0.7,1.9,2.6,UTA,0.515
412,412,0.9,0.4,2.2,0.8,0.364,2.3,2.5,23,0.1,1.9,1.7,0.382,4.5,0.9,0.7859999999999999,1.1,51,10.0,NBA,19.8,0.3,1.5,Shabazz Napier ,5.1,PG,0.8,1.6,2.2,MIA,0.47600000000000003
413,413,0.6,0.35100000000000003,1.8,0.6,0.327,1.9,1.8,24,0.0,0.8,1.2,0.33799999999999997,3.7,0.6,0.733,0.8,55,0.0,NBA,10.9,0.2,0.7,Shabazz Napier ,3.7,PG,0.4,0.8,1.0,ORL,0.423
414,414,0.7,0.429,1.7,0.6,0.37,1.7,1.3,25,0.0,1.0,1.4,0.39899999999999997,3.5,0.7,0.7759999999999999,0.9,53,2.0,NBA,9.7,0.2,0.7,Shabazz Napier ,4.1,PG,0.6,0.8,1.2,POR,0.49200000000000005
415,415,1.8,0.491,3.6,0.9,0.519,1.7,1.4,26,0.1,1.4,2.6,0.5,5.3,1.4,0.815,1.7,16,0.0,NBA,16.2,0.3,0.9,Shabazz Napier ,7.5,PG,0.8,0.8,1.7,POR,0.583
419,419,1.0,0.49200000000000005,2.1,0.4,0.316,1.3,0.2,20,0.1,1.7,1.4,0.42700000000000005,3.3,0.5,0.633,0.8,63,9.0,NBA,10.7,0.4,1.6,Kelly Oubre ,3.7,SF,0.3,0.5,2.1,WAS,0.486
420,420,1.7,0.52,3.2,0.7,0.287,2.4,0.6,21,0.2,2.5,2.4,0.42100000000000004,5.6,0.9,0.758,1.3,79,5.0,NBA,20.3,0.8,2.5,Kelly Oubre ,6.3,SF,0.7,0.6,3.3,WAS,0.48200000000000004
421,421,1.9,0.425,4.6,1.8,0.415,4.3,0.8,22,0.4,4.5,3.7,0.42,8.9,1.9,0.8,2.4,19,6.0,NBA,27.9,1.0,2.5,Kelly Oubre ,11.2,SF,0.8,1.0,5.5,WAS,0.521
423,423,3.0,0.496,6.0,1.7,0.353,4.9,1.7,29,0.3,4.5,4.7,0.431,10.9,2.0,0.778,2.5,82,52.0,NBA,26.1,1.4,2.6,Ersan Ilyasova ,13.1,PF,0.7,1.4,5.9,TOT,0.511
424,424,1.0,0.75,1.3,1.0,0.25,4.0,0.3,29,0.3,4.7,2.0,0.375,5.3,0.0,,0.0,3,0.0,NBA,20.7,0.7,1.7,Ersan Ilyasova ,5.0,PF,1.0,1.3,5.3,OKC,0.469
425,425,3.4,0.509,6.6,2.0,0.359,5.6,1.8,29,0.3,4.6,5.4,0.44,12.2,2.1,0.768,2.7,53,40.0,NBA,27.3,1.3,2.5,Ersan Ilyasova ,14.8,PF,0.6,1.5,5.9,PHI,0.522
426,426,2.3,0.455,5.2,1.2,0.348,3.5,1.7,29,0.3,4.2,3.6,0.41200000000000003,8.7,2.0,0.8,2.5,26,12.0,NBA,24.3,1.6,2.8,Ersan Ilyasova ,10.4,PF,0.8,1.3,5.8,ATL,0.48200000000000004
427,427,1.3,0.509,2.5,1.2,0.44799999999999995,2.6,1.0,25,0.2,1.0,2.5,0.478,5.1,1.1,0.735,1.5,22,5.0,NBA,15.0,1.0,1.3,James Ennis ,7.2,SF,0.7,0.9,1.9,TOT,0.593
428,428,0.0,,0.0,0.0,,0.0,0.3,25,0.0,0.0,0.0,,0.0,0.0,,0.0,3,0.0,NBA,2.3,0.0,0.3,James Ennis ,0.0,SF,0.0,0.0,0.0,MIA,
429,429,0.2,0.4,0.5,0.2,0.25,0.8,0.2,25,0.2,0.3,0.4,0.308,1.3,0.6,0.6,1.0,10,0.0,NBA,4.0,0.4,0.1,James Ennis ,1.6,SF,0.4,0.2,0.7,MEM,0.385
430,430,2.9,0.52,5.6,2.7,0.48,5.6,2.0,25,0.3,2.0,5.6,0.5,11.1,2.1,0.792,2.7,9,5.0,NBA,31.3,1.9,2.9,James Ennis ,15.9,SF,1.3,1.9,3.9,NOP,0.62
432,432,1.5,0.517,3.0,0.8,0.321,2.5,1.0,27,0.2,1.2,2.3,0.428,5.4,0.8,0.809,1.0,68,5.0,NBA,14.9,0.7,1.2,Mindaugas Kuzminskas ,6.3,SF,0.4,0.8,1.9,NYK,0.501
433,433,0.0,0.0,2.0,0.0,,0.0,0.0,28,0.0,0.0,0.0,0.0,2.0,0.0,,0.0,1,0.0,NBA,2.0,0.0,0.0,Mindaugas Kuzminskas ,0.0,SF,0.0,0.0,0.0,NYK,0.0
434,434,3.4,0.5379999999999999,6.3,0.1,0.267,0.2,1.3,22,0.5,4.6,3.4,0.529,6.5,1.3,0.728,1.7,72,22.0,NBA,18.4,2.4,2.1,Willy Hernangomez ,8.2,C,0.6,1.4,7.0,NYK,0.5329999999999999
435,435,1.9,0.5529999999999999,3.5,0.1,0.33299999999999996,0.3,0.7,23,0.3,1.2,2.0,0.537,3.7,0.3,0.25,1.1,11,0.0,NBA,10.2,1.0,1.9,Willy Hernangomez ,4.4,C,0.5,1.1,2.2,NYK,0.5489999999999999
439,439,1.2,0.583,2.1,0.0,,0.0,0.2,21,0.4,1.6,1.2,0.583,2.1,0.6,0.544,1.1,54,4.0,NBA,11.6,1.4,2.1,Jakob Poeltl ,3.1,C,0.3,0.5,3.1,TOR,0.583
440,440,2.8,0.667,4.3,0.0,,0.0,0.4,22,1.0,2.4,2.8,0.667,4.3,0.6,0.45799999999999996,1.3,19,0.0,NBA,14.8,2.1,2.0,Jakob Poeltl ,6.3,C,0.4,0.9,4.5,TOR,0.667
448,448,1.6,0.428,3.8,0.4,0.23600000000000002,1.5,2.6,27,0.0,1.5,2.0,0.374,5.3,1.0,0.8059999999999999,1.3,73,2.0,NBA,17.1,0.1,1.5,Malcom Delaney ,5.4,PG,0.5,1.3,1.7,ATL,0.40700000000000003
449,449,1.1,0.36,2.9,0.8,0.371,2.1,2.0,28,0.1,1.7,1.8,0.365,5.0,1.0,0.708,1.4,17,2.0,NBA,20.4,0.3,1.4,Malcom Delaney ,5.4,PG,0.8,1.2,2.0,ATL,0.441
453,453,1.4,0.514,2.7,0.5,0.371,1.5,0.6,22,1.0,2.1,1.9,0.46299999999999997,4.1,1.1,0.612,1.8,80,4.0,NBA,19.1,0.5,1.9,Jerian Grant ,5.5,PF,0.4,0.6,2.6,TOT,0.529
454,454,3.0,0.4,7.5,0.0,0.0,1.0,0.0,22,2.0,3.0,3.0,0.353,8.5,2.0,0.5,4.0,2,0.0,NBA,20.5,0.0,2.5,Jerian Grant ,8.0,PF,0.0,1.5,3.0,PHI,0.353
455,455,1.3,0.523,2.5,0.6,0.377,1.5,0.6,22,1.0,2.1,1.9,0.469,4.0,1.1,0.619,1.8,78,4.0,NBA,19.1,0.5,1.8,Jerian Grant ,5.4,PF,0.4,0.5,2.6,OKC,0.539
460,460,1.4,0.475,3.0,0.0,0.0,0.0,0.5,28,0.1,1.0,1.4,0.47100000000000003,3.1,0.6,0.522,1.2,39,0.0,NBA,9.4,1.4,1.4,Troy Williams ,3.5,SF,0.5,0.8,2.4,CHH,0.47100000000000003
461,461,0.8,0.462,1.6,0.0,,0.0,0.3,29,0.1,1.6,0.8,0.462,1.6,0.4,0.75,0.5,8,0.0,NBA,7.8,0.8,1.3,Troy Williams ,1.9,SF,0.3,0.8,2.4,CHH,0.462
463,463,0.3,0.667,0.4,0.6,0.364,1.6,0.0,23,0.0,0.4,0.9,0.429,2.0,0.0,,0.0,7,0.0,NBA,4.9,0.3,0.4,Robert Covington ,2.3,SF,0.3,0.1,0.7,HOU,0.5710000000000001
464,464,1.9,0.426,4.4,2.4,0.374,6.4,1.5,24,0.4,3.6,4.3,0.396,10.8,2.5,0.82,3.1,70,49.0,NBA,27.9,0.9,2.7,Robert Covington ,13.5,SF,1.4,1.8,4.5,PHI,0.506
465,465,1.6,0.452,3.4,2.5,0.353,7.2,1.4,25,0.6,5.3,4.1,0.385,10.6,2.1,0.7909999999999999,2.6,67,49.0,NBA,28.4,1.0,3.5,Robert Covington ,12.8,SF,1.6,2.1,6.3,PHI,0.504
466,466,2.3,0.484,4.8,2.0,0.33299999999999996,6.1,1.5,26,1.0,5.1,4.4,0.39899999999999997,10.9,2.1,0.8220000000000001,2.6,67,67.0,NBA,31.6,1.4,3.0,Robert Covington ,12.9,SF,1.9,2.0,6.5,PHI,0.49200000000000005
467,467,2.0,0.514,3.9,3.4,0.462,7.3,1.6,27,0.7,5.1,5.4,0.48,11.2,1.8,0.8,2.2,18,18.0,NBA,31.4,0.9,3.6,Robert Covington ,15.9,PF,1.7,1.6,6.0,PHI,0.631
468,468,2.2,0.446,4.9,0.6,0.295,2.0,2.6,21,0.5,2.1,2.8,0.402,7.0,1.2,0.805,1.5,73,26.0,NBA,22.5,0.4,2.4,Isaiah Whitehead ,7.4,PG,0.6,1.9,2.5,BRK,0.445
469,469,1.2,0.33299999999999996,3.6,0.2,0.5,0.4,1.6,22,0.4,1.4,1.4,0.35,4.0,0.6,0.5,1.2,5,0.0,NBA,9.8,0.0,1.2,Isaiah Whitehead ,3.6,PG,0.8,1.8,1.4,BRK,0.375
470,470,0.9,0.5329999999999999,1.7,0.4,0.265,1.5,0.5,22,0.5,2.1,1.3,0.406,3.2,0.8,0.8,1.0,55,9.0,NBA,11.8,0.3,0.8,Justin Anderson ,3.8,SF,0.3,0.4,2.4,DAL,0.469
471,471,1.7,0.522,3.3,0.8,0.299,2.6,0.9,23,0.3,2.3,2.5,0.424,5.9,1.4,0.7909999999999999,1.7,75,10.0,NBA,16.4,0.9,1.5,Justin Anderson ,7.1,SF,0.5,0.9,3.3,TOT,0.49
472,472,1.5,0.47700000000000004,3.0,0.7,0.303,2.4,0.6,23,0.3,2.2,2.2,0.401,5.4,1.4,0.795,1.7,51,2.0,NBA,13.9,0.8,1.3,Justin Anderson ,6.5,SF,0.5,0.8,2.9,DAL,0.46799999999999997
473,473,2.3,0.6,3.8,0.9,0.292,3.0,1.4,23,0.3,2.8,3.1,0.46299999999999997,6.8,1.3,0.78,1.7,24,8.0,NBA,21.6,1.3,1.9,Justin Anderson ,8.5,SF,0.5,1.1,4.0,PHI,0.528
474,474,0.9,0.409,2.2,0.9,0.34600000000000003,2.6,0.3,24,0.1,1.7,1.8,0.375,4.8,0.5,0.7140000000000001,0.7,10,0.0,NBA,12.6,1.0,1.9,Justin Anderson ,5.0,SF,0.3,0.4,2.7,PHI,0.469
479,479,0.4,0.423,1.0,0.4,0.39299999999999996,1.1,0.8,22,0.2,1.3,0.8,0.40700000000000003,2.1,0.2,1.0,0.2,52,2.0,NBA,13.3,0.2,1.7,Darius Miller ,2.3,SF,0.3,0.4,1.5,NOH,0.509
480,480,1.1,0.539,2.0,0.6,0.325,1.7,1.0,23,0.2,1.0,1.6,0.44,3.7,0.6,0.8059999999999999,0.8,45,7.0,NBA,16.1,0.2,2.0,Darius Miller ,4.4,SF,0.5,0.5,1.2,NOP,0.515
481,481,0.2,0.16699999999999998,1.2,0.0,0.0,0.2,0.4,24,0.0,0.2,0.2,0.14300000000000002,1.4,0.0,,0.0,5,1.0,NBA,8.6,0.0,1.6,Darius Miller ,0.4,SF,0.2,0.2,0.2,NOP,0.14300000000000002
482,482,0.6,0.579,1.0,1.8,0.479,3.7,0.9,27,0.1,1.6,2.3,0.5,4.6,0.6,0.846,0.7,20,1.0,NBA,17.1,0.2,1.7,Darius Miller ,6.9,SF,0.3,0.6,1.7,NOP,0.69
483,483,1.3,0.423,3.0,0.2,0.217,1.1,1.6,23,0.0,1.1,1.5,0.36700000000000005,4.1,0.5,0.8,0.6,41,0.0,NBA,9.4,0.1,0.7,Joseph Young ,3.8,PG,0.4,0.8,1.2,IND,0.396
484,484,0.6,0.429,1.5,0.2,0.217,0.7,0.5,24,0.0,0.5,0.8,0.361,2.2,0.3,0.733,0.5,33,0.0,NBA,4.1,0.0,0.2,Joseph Young ,2.1,PG,0.1,0.2,0.5,IND,0.396
485,485,1.0,0.579,1.7,0.1,0.1,0.9,0.6,25,0.0,0.6,1.1,0.414,2.6,0.4,0.5710000000000001,0.6,11,0.0,NBA,5.7,0.2,0.5,Joseph Young ,2.6,PG,0.1,0.2,0.8,IND,0.431
486,486,0.5,0.363,1.4,1.3,0.35100000000000003,3.6,1.1,23,0.1,2.5,1.8,0.354,5.1,0.2,0.778,0.3,57,0.0,NBA,17.1,0.2,1.5,Denzel Valentine ,5.1,SG,0.5,0.9,2.6,CHI,0.48100000000000004
487,487,1.6,0.33299999999999996,4.7,2.4,0.431,5.7,3.1,24,0.1,4.5,4.0,0.387,10.3,0.2,0.75,0.2,18,7.0,NBA,28.2,0.7,1.9,Denzel Valentine ,10.6,SG,0.8,1.1,5.2,CHI,0.505
490,490,2.0,0.47600000000000003,4.3,0.1,0.28600000000000003,0.5,1.5,21,0.6,4.0,2.2,0.457,4.8,1.3,0.7120000000000001,1.8,29,17.0,NBA,21.2,1.3,2.1,Rondae HollisJefferson ,5.8,SF,1.3,0.9,5.3,BRK,0.47100000000000003
491,491,2.8,0.46299999999999997,6.1,0.2,0.22399999999999998,0.9,2.0,22,0.6,4.6,3.0,0.434,6.9,2.4,0.7509999999999999,3.2,78,50.0,NBA,22.6,1.2,2.3,Rondae HollisJefferson ,8.7,SF,1.1,1.5,5.8,BRK,0.447
492,492,4.8,0.512,9.3,0.2,0.25,0.7,1.8,23,0.7,4.2,4.9,0.494,10.0,4.2,0.826,5.1,18,18.0,NBA,27.1,1.3,1.9,Rondae HollisJefferson ,14.3,SF,0.9,1.5,5.4,BRK,0.503
495,495,1.5,0.364,4.0,0.5,0.294,1.5,5.5,24,0.0,2.0,1.9,0.344,5.5,0.9,0.47600000000000003,1.9,11,3.0,NBA,21.7,0.5,2.4,Tim Frazier ,5.2,PG,0.7,2.3,2.5,TOT,0.385
496,496,1.7,0.313,5.3,0.5,0.273,1.8,7.2,24,0.0,2.5,2.2,0.302,7.2,0.8,0.33299999999999996,2.5,6,3.0,NBA,28.5,0.7,2.7,Tim Frazier ,5.7,PG,1.0,3.0,3.2,PHI,0.337
497,497,1.2,0.5,2.4,0.4,0.33299999999999996,1.2,3.4,24,0.0,1.4,1.6,0.444,3.6,1.0,0.833,1.2,5,0.0,NBA,13.6,0.4,2.0,Tim Frazier ,4.6,PG,0.4,1.4,1.8,POR,0.5
501,501,2.7,0.455,5.9,0.3,0.266,1.3,3.7,21,0.1,1.2,3.0,0.42100000000000004,7.2,0.9,0.775,1.2,61,15.0,NBA,18.4,0.3,1.2,Tyler Ulis ,7.3,PG,0.8,1.3,1.6,PHO,0.445
502,502,2.6,0.41100000000000003,6.2,0.3,0.2,1.5,3.8,22,0.1,1.4,2.9,0.37,7.7,1.4,0.8240000000000001,1.7,20,8.0,NBA,22.2,0.3,1.6,Tyler Ulis ,7.4,PG,1.2,1.9,1.7,PHO,0.39
504,504,0.7,0.511,1.3,0.0,,0.0,0.1,20,0.5,1.1,0.7,0.511,1.3,0.3,0.556,0.5,36,0.0,NBA,6.6,0.6,1.1,Deyonta Davis ,1.6,C,0.1,0.2,1.7,MEM,0.511
505,505,1.7,0.667,2.6,0.0,,0.0,0.4,21,0.7,2.7,1.7,0.667,2.6,0.6,0.667,0.9,7,0.0,NBA,11.3,0.6,1.9,Deyonta Davis ,4.0,C,0.3,0.4,3.3,MEM,0.667
508,508,1.3,0.451,2.8,0.8,0.33299999999999996,2.3,0.8,22,0.4,2.5,2.0,0.39799999999999996,5.0,0.7,0.775,0.9,44,18.0,NBA,19.2,0.3,1.8,Paul Zipser ,5.5,SF,0.3,0.9,2.8,CHI,0.473
509,509,1.1,0.34700000000000003,3.3,0.3,0.2,1.7,1.1,23,0.0,3.2,1.5,0.297,4.9,0.1,0.5,0.3,15,7.0,NBA,16.9,0.2,1.4,Paul Zipser ,3.4,SF,0.5,0.9,3.4,CHI,0.331
511,511,,,,,,,0.1,18,,,1.0,0.268,3.7,0.6,0.632,1.0,19,,BAA,,,0.8,Sterling Brown ,2.6,,,,,PHW,
512,512,,,,,,,0.6,22,,,1.5,0.349,4.2,0.7,0.556,1.2,15,,NBA,9.4,,2.1,Sterling Brown ,3.6,,,,1.1,PHW,
522,522,0.2,0.16699999999999998,1.2,0.8,0.667,1.2,0.0,24,0.4,1.6,1.0,0.41700000000000004,2.4,0.0,0.0,0.8,5,0.0,NBA,11.0,0.4,0.6,Josh Huestis ,2.8,PF,0.2,0.6,2.0,OKC,0.583
523,523,2.0,0.5710000000000001,3.5,1.0,0.5,2.0,1.5,25,1.5,2.5,3.0,0.545,5.5,0.0,0.0,0.5,2,0.0,NBA,15.5,2.0,0.0,Josh Huestis ,7.0,PF,0.0,0.0,4.5,OKC,0.636
524,524,0.1,0.222,0.6,0.6,0.29,1.9,0.4,26,0.6,1.3,0.7,0.275,2.5,0.1,0.5,0.3,16,0.0,NBA,11.3,0.3,1.6,Josh Huestis ,2.1,PF,0.4,0.6,1.6,OKC,0.38799999999999996
527,527,0.7,0.44799999999999995,1.5,0.5,0.28600000000000003,1.8,0.4,20,0.1,1.7,1.2,0.359,3.4,0.2,0.5,0.4,19,2.0,NBA,7.7,0.4,0.3,Henry Ellenson ,3.2,PF,0.1,0.7,2.2,DET,0.43799999999999994
528,528,1.2,0.389,3.0,1.2,0.389,3.0,0.7,21,0.0,2.7,2.3,0.389,6.0,0.2,1.0,0.2,6,0.0,NBA,12.5,0.2,1.0,Henry Ellenson ,6.0,PF,0.5,0.8,2.8,DET,0.486
536,536,2.7,0.429,6.3,1.1,0.35600000000000004,3.0,3.1,27,0.2,3.1,3.8,0.405,9.3,1.7,0.75,2.3,40,6.0,NBA,19.7,0.3,1.5,Tyreke Evans ,10.3,SF,0.9,1.5,3.4,TOT,0.462
537,537,2.7,0.446,6.0,0.8,0.3,2.7,3.5,27,0.2,3.1,3.5,0.401,8.7,1.7,0.7759999999999999,2.2,26,0.0,NBA,18.2,0.2,1.6,Tyreke Evans ,9.5,SF,0.9,1.5,3.3,NOP,0.447
538,538,2.7,0.4,6.8,1.5,0.43799999999999994,3.4,2.4,27,0.4,3.1,4.2,0.413,10.2,1.7,0.706,2.4,14,6.0,NBA,22.4,0.5,1.4,Tyreke Evans ,11.6,SF,0.9,1.6,3.6,SAC,0.486
541,541,3.3,0.536,6.2,0.0,0.0,0.1,0.8,19,0.9,3.1,3.3,0.529,6.3,0.8,0.653,1.3,38,11.0,NBA,16.0,1.1,1.7,Ivica Zubac ,7.5,C,0.4,0.8,4.2,LAL,0.529
542,542,0.4,0.4,1.0,0.0,,0.0,0.0,20,0.0,0.4,0.4,0.4,1.0,0.0,,0.0,5,0.0,NBA,2.4,0.4,0.4,Ivica Zubac ,0.8,C,0.0,0.4,0.8,LAL,0.4
543,543,6.9,0.48200000000000004,14.3,1.1,0.321,3.4,2.5,22,0.3,4.3,8.0,0.451,17.6,5.0,0.7959999999999999,6.2,80,76.0,NBA,37.0,2.1,2.9,Glen Robinson III ,21.9,SF,1.4,3.9,6.4,MIL,0.48200000000000004
544,544,6.5,0.48,13.6,1.1,0.342,3.2,3.6,23,0.5,4.5,7.6,0.45399999999999996,16.9,3.9,0.812,4.7,82,82.0,NBA,39.6,1.7,2.9,Glen Robinson III ,20.2,SF,1.2,3.4,6.1,MIL,0.486
545,545,7.6,0.48200000000000004,15.7,0.8,0.35,2.3,3.1,24,0.9,4.7,8.4,0.465,18.0,3.6,0.7909999999999999,4.6,80,79.0,NBA,38.9,1.6,2.8,Glen Robinson III ,21.1,SF,1.3,3.4,6.3,MIL,0.48700000000000004
546,546,9.1,0.475,19.1,0.4,0.385,1.2,2.8,25,0.6,4.0,9.5,0.47,20.3,3.8,0.8079999999999999,4.8,56,56.0,NBA,41.0,1.5,2.9,Glen Robinson III ,23.4,SF,1.2,3.6,5.5,MIL,0.48100000000000004
547,547,6.7,0.467,14.4,0.7,0.392,1.7,2.1,26,0.9,4.3,7.4,0.45899999999999996,16.1,3.0,0.87,3.4,47,47.0,NBA,33.6,1.6,2.4,Glen Robinson III ,18.4,SF,1.0,2.3,5.9,MIL,0.479
548,548,7.5,0.493,15.1,1.1,0.363,2.9,2.4,27,0.5,4.7,8.5,0.47200000000000003,18.0,2.8,0.802,3.5,81,81.0,NBA,35.9,1.3,2.6,Glen Robinson III ,20.9,SF,1.0,2.8,6.0,MIL,0.502
549,549,8.3,0.493,16.8,0.7,0.299,2.4,3.3,28,0.8,5.3,9.0,0.46799999999999997,19.2,3.3,0.82,4.0,76,74.0,NBA,37.0,1.6,2.5,Glen Robinson III ,22.0,SF,1.1,2.9,6.9,MIL,0.48700000000000004
550,550,7.2,0.493,14.7,0.9,0.326,2.7,2.5,29,0.6,5.1,8.1,0.467,17.4,3.6,0.8370000000000001,4.3,66,63.0,NBA,35.5,1.1,2.6,Glen Robinson III ,20.7,SF,1.5,2.6,6.2,MIL,0.493
551,551,6.5,0.456,14.3,1.3,0.342,3.8,3.0,30,0.4,5.4,7.8,0.43200000000000005,18.1,3.9,0.8759999999999999,4.4,69,68.0,NBA,37.6,1.2,2.7,Glen Robinson III ,20.8,SF,1.3,3.6,6.6,ATL,0.46799999999999997
552,552,5.7,0.469,12.2,0.8,0.34,2.4,1.4,31,0.2,3.4,6.5,0.44799999999999995,14.6,2.7,0.8320000000000001,3.3,42,42.0,NBA,31.8,1.1,2.3,Glen Robinson III ,16.6,SF,1.0,2.5,4.5,PHI,0.47600000000000003
553,553,3.6,0.451,7.9,0.2,0.33299999999999996,0.7,0.9,32,0.3,2.2,3.8,0.442,8.6,2.2,0.87,2.6,9,0.0,NBA,17.4,0.4,2.1,Glen Robinson III ,10.0,SF,0.4,0.8,2.7,SAS,0.455
556,556,1.6,0.483,3.4,0.5,0.337,1.4,1.0,25,0.1,2.6,2.1,0.44,4.8,0.7,0.63,1.0,70,1.0,NBA,14.0,1.0,1.2,Joffrey Lauvergne ,5.4,PF-C,0.4,0.8,3.6,TOT,0.49
557,557,1.7,0.506,3.3,0.5,0.34600000000000003,1.6,1.0,25,0.1,2.6,2.2,0.455,4.9,0.7,0.638,1.2,50,0.0,NBA,14.8,1.0,1.4,Joffrey Lauvergne ,5.7,PF,0.4,0.8,3.7,OKC,0.51
558,558,1.6,0.431,3.6,0.3,0.3,1.0,1.0,25,0.0,2.4,1.9,0.402,4.6,0.5,0.6,0.8,20,1.0,NBA,12.1,1.1,0.6,Joffrey Lauvergne ,4.5,C,0.4,0.8,3.4,CHI,0.435
559,559,1.2,0.457,2.6,0.5,0.386,1.3,1.6,22,0.0,0.7,1.7,0.433,3.9,0.4,0.84,0.5,53,2.0,NBA,11.1,0.2,1.1,Tyler Ennis ,4.3,PG,0.5,0.8,0.8,TOT,0.498
560,560,0.6,0.396,1.5,0.2,0.375,0.5,1.1,22,0.0,0.5,0.8,0.391,2.1,0.1,0.667,0.1,31,0.0,NBA,6.3,0.1,0.9,Tyler Ennis ,1.9,PG,0.2,0.8,0.6,HOU,0.43799999999999994
561,561,2.0,0.489,4.1,1.0,0.389,2.5,2.4,22,0.1,1.0,3.0,0.451,6.5,0.9,0.8640000000000001,1.0,22,2.0,NBA,17.8,0.2,1.3,Tyler Ennis ,7.7,PG,0.9,1.0,1.2,LAL,0.524
562,562,1.5,0.652,2.3,0.0,0.0,0.0,0.4,22,0.3,1.0,1.5,0.644,2.3,0.6,0.522,1.2,39,1.0,NBA,9.7,0.6,1.2,Montrezl Harrell ,3.6,PF,0.3,0.4,1.7,HOU,0.644
563,563,3.9,0.6629999999999999,5.8,0.0,0.14300000000000002,0.1,1.1,23,0.7,2.4,3.9,0.652,5.9,1.3,0.628,2.1,58,14.0,NBA,18.3,1.4,2.2,Montrezl Harrell ,9.1,C,0.3,0.8,3.8,HOU,0.654
564,564,1.8,0.611,3.0,0.0,,0.0,0.6,24,0.5,1.9,1.8,0.611,3.0,0.5,0.6,0.8,12,0.0,NBA,8.4,1.1,0.9,Montrezl Harrell ,4.2,C,0.3,0.3,3.0,LAC,0.611
565,565,2.1,0.596,3.5,0.2,0.182,0.9,0.6,22,0.8,1.4,2.2,0.514,4.4,1.0,0.6890000000000001,1.5,51,1.0,NBA,13.8,1.2,1.8,Richaun Holmes ,5.6,PF,0.4,0.6,2.6,PHI,0.532
566,566,3.6,0.606,5.9,0.5,0.35100000000000003,1.4,1.0,23,1.0,3.8,4.0,0.5579999999999999,7.2,1.3,0.6990000000000001,1.8,57,17.0,NBA,20.9,1.6,2.4,Richaun Holmes ,9.8,C,0.7,1.0,5.5,PHI,0.591
567,567,1.9,0.684,2.7,0.0,0.0,0.4,1.0,24,0.4,2.6,1.9,0.591,3.1,1.0,0.7,1.4,7,1.0,NBA,12.1,0.9,2.6,Richaun Holmes ,4.7,C,0.0,0.3,3.4,PHI,0.591
574,574,0.3,0.2,1.3,0.0,0.0,0.5,0.8,22,0.3,0.5,0.3,0.14300000000000002,1.8,0.3,0.5,0.5,4,0.0,NBA,13.0,0.3,1.5,Isaiah Taylor ,0.8,PG,0.3,0.0,0.8,HOU,0.14300000000000002
575,575,1.8,0.489,3.6,0.5,0.429,1.1,2.4,23,0.3,1.1,2.2,0.475,4.7,1.2,0.727,1.7,13,0.0,NBA,16.1,0.1,1.1,Isaiah Taylor ,6.2,PG,0.5,1.2,1.2,ATL,0.525
576,576,1.0,0.363,2.8,0.6,0.276,2.2,2.8,22,0.3,1.6,1.6,0.325,5.0,2.1,0.763,2.7,72,18.0,NBA,20.5,0.3,2.7,Andrew Harrison ,5.9,PG,0.7,1.2,1.9,MEM,0.385
577,577,1.0,0.44799999999999995,2.2,0.5,0.2,2.3,1.1,23,0.2,1.1,1.5,0.322,4.5,1.1,1.0,1.1,13,8.0,NBA,15.1,0.2,1.5,Andrew Harrison ,4.5,PG,0.4,0.8,1.2,MEM,0.373
579,579,0.9,0.5,1.8,0.4,0.28600000000000003,1.3,0.5,21,0.0,0.9,1.3,0.41200000000000003,3.1,0.7,0.789,0.9,22,0.0,NBA,9.0,0.1,1.0,Malachi Richardson ,3.6,SG,0.2,0.4,1.0,SAC,0.47100000000000003
580,580,0.7,0.33299999999999996,2.2,0.6,0.41200000000000003,1.5,0.5,22,0.0,0.8,1.4,0.366,3.7,0.7,0.727,1.0,11,0.0,NBA,12.0,0.2,1.3,Malachi Richardson ,4.1,SG,0.5,0.3,1.0,SAC,0.451
581,581,2.8,0.48,5.9,1.0,0.40399999999999997,2.6,4.2,24,0.2,2.2,3.9,0.457,8.5,1.5,0.865,1.7,75,28.0,NBA,26.4,0.6,1.9,Malcolm Brogdon ,10.2,SG,1.1,1.5,2.8,MIL,0.518
582,582,3.2,0.478,6.8,1.9,0.46399999999999997,4.1,3.5,25,0.2,2.6,5.1,0.473,10.8,1.4,0.857,1.6,17,10.0,NBA,31.4,0.1,2.5,Malcolm Brogdon ,13.5,PG,1.1,1.7,2.7,MIL,0.56
584,584,1.3,0.6,2.1,0.5,0.25,2.0,0.9,22,0.1,1.1,1.8,0.431,4.1,1.0,0.636,1.6,14,5.0,NBA,16.9,0.1,1.3,Wayne Selden ,5.1,SG,0.4,0.9,1.1,TOT,0.491
585,585,0.3,1.0,0.3,1.3,0.5710000000000001,2.3,0.3,22,0.0,1.7,1.7,0.625,2.7,0.7,0.5,1.3,3,3.0,NBA,15.7,0.0,2.0,Wayne Selden ,5.3,SG,0.7,1.0,1.7,NOP,0.875
586,586,1.5,0.586,2.6,0.3,0.14300000000000002,1.9,1.1,22,0.1,0.9,1.8,0.4,4.5,1.1,0.667,1.6,11,2.0,NBA,17.2,0.1,1.1,Wayne Selden ,5.0,SG,0.4,0.8,1.0,MEM,0.43
587,587,1.6,0.55,2.9,0.8,0.423,1.9,1.9,23,0.0,0.4,2.4,0.5,4.7,0.1,0.4,0.4,14,0.0,NBA,13.4,0.1,0.9,Quinn Cook ,5.6,PG,0.3,0.9,0.5,TOT,0.583
588,588,1.2,0.545,2.2,1.0,0.35700000000000004,2.8,2.4,23,0.0,0.6,2.2,0.44,5.0,0.0,0.0,0.4,5,0.0,NBA,15.4,0.0,1.2,Quinn Cook ,5.4,PG,0.2,1.6,0.6,DAL,0.54
589,589,1.8,0.552,3.2,0.7,0.5,1.3,1.6,23,0.0,0.3,2.4,0.537,4.6,0.2,0.667,0.3,9,0.0,NBA,12.3,0.1,0.8,Quinn Cook ,5.8,PG,0.3,0.6,0.4,NOP,0.61
591,591,1.4,0.45299999999999996,3.2,0.8,0.395,2.0,2.1,23,0.0,1.3,2.2,0.431,5.2,0.6,0.743,0.9,81,53.0,NBA,18.5,0.2,1.5,Raul Neto ,5.9,PG,0.8,1.3,1.5,UTA,0.507
592,592,0.8,0.517,1.5,0.3,0.32299999999999995,0.8,0.9,24,0.1,0.7,1.0,0.451,2.3,0.2,0.889,0.2,40,0.0,NBA,8.7,0.1,1.2,Raul Neto ,2.5,PG,0.5,0.4,0.8,UTA,0.505
593,593,1.4,0.5,2.8,0.6,0.444,1.4,2.0,25,0.2,1.2,2.0,0.48100000000000004,4.2,0.5,0.7,0.8,13,0.0,NBA,13.8,0.2,1.0,Raul Neto ,5.2,PG,0.5,0.8,1.4,UTA,0.556
596,596,5.3,0.44,12.1,0.8,0.264,3.0,6.3,22,0.6,4.8,6.1,0.405,15.1,3.7,0.703,5.2,70,70.0,NBA,34.5,1.4,3.0,Michael CarterWilliams ,16.7,PG,1.9,3.5,6.2,PHI,0.431
597,597,5.0,0.428,11.6,0.5,0.235,2.3,6.7,23,0.5,4.4,5.5,0.396,13.9,3.1,0.6940000000000001,4.4,66,63.0,NBA,32.6,1.0,2.5,Michael CarterWilliams ,14.6,PG,1.7,3.8,5.3,TOT,0.41600000000000004
598,598,4.9,0.41200000000000003,11.9,0.8,0.256,3.0,7.4,23,0.4,5.1,5.7,0.38,14.9,2.9,0.643,4.4,41,38.0,NBA,33.9,1.0,2.5,Michael CarterWilliams ,15.0,PG,1.5,4.2,6.2,PHI,0.406
599,599,5.1,0.457,11.2,0.2,0.14300000000000002,1.1,5.6,23,0.5,3.1,5.3,0.429,12.3,3.4,0.78,4.4,25,25.0,NBA,30.3,0.8,2.6,Michael CarterWilliams ,14.1,PG,2.0,3.2,4.0,MIL,0.435
600,600,4.4,0.47200000000000003,9.3,0.3,0.273,1.0,5.2,24,0.8,4.2,4.6,0.452,10.3,2.0,0.654,3.0,54,37.0,NBA,30.5,0.9,3.0,Michael CarterWilliams ,11.5,PG,1.5,2.8,5.1,MIL,0.466
601,601,2.2,0.401,5.4,0.3,0.23399999999999999,1.4,2.5,25,0.5,2.9,2.5,0.366,6.8,1.3,0.753,1.7,45,19.0,NBA,18.8,0.5,2.3,Michael CarterWilliams ,6.6,PG,0.8,1.5,3.4,CHI,0.391
602,602,0.5,0.16699999999999998,3.0,0.5,0.444,1.1,2.5,26,0.4,1.6,1.0,0.242,4.1,1.9,0.7140000000000001,2.6,8,0.0,NBA,15.4,0.9,2.1,Michael CarterWilliams ,4.4,PG,1.3,1.0,2.5,CHO,0.303
604,604,0.8,0.34,2.4,0.1,0.083,0.6,0.6,24,0.1,1.5,0.9,0.28800000000000003,3.0,0.4,0.43799999999999994,0.8,20,4.0,NBA,14.5,0.8,1.4,Brice Johnson ,2.1,C,0.4,0.7,2.3,ORL,0.297
605,605,1.0,0.33299999999999996,3.0,0.0,0.0,0.7,0.7,25,0.0,0.8,1.0,0.273,3.7,0.0,,0.0,6,1.0,NBA,14.5,0.8,1.7,Brice Johnson ,2.0,SF,0.2,0.5,1.7,IND,0.273
606,606,0.4,0.342,1.1,0.4,0.255,1.5,0.3,22,0.1,0.5,0.7,0.292,2.5,0.4,0.765,0.5,35,1.0,NBA,7.1,0.2,0.6,Jake Layman ,2.2,SF,0.3,0.3,0.7,POR,0.365
607,607,0.4,0.33299999999999996,1.1,0.3,0.4,0.6,0.3,23,0.3,0.5,0.6,0.35700000000000004,1.8,0.0,,0.0,8,0.0,NBA,5.3,0.0,0.6,Jake Layman ,1.5,SF,0.3,0.0,0.5,POR,0.429
608,608,0.7,0.667,1.0,0.1,0.25,0.3,0.2,23,0.2,1.1,0.8,0.563,1.3,0.3,0.5,0.5,12,0.0,NBA,4.4,0.3,0.1,Joel Bolomboy ,1.8,PF,0.1,0.2,1.4,UTA,0.594
609,609,0.3,0.33299999999999996,1.0,0.0,0.0,0.3,0.0,24,0.0,1.0,0.3,0.25,1.3,0.7,0.5,1.3,3,0.0,NBA,8.3,1.3,0.7,Joel Bolomboy ,1.3,PF,0.7,0.7,2.3,MIL,0.25
610,610,1.2,0.436,2.9,0.7,0.40399999999999997,1.8,1.0,22,0.2,1.9,2.0,0.424,4.7,0.9,0.8109999999999999,1.1,49,24.0,NBA,14.8,0.3,1.2,Norman Powell ,5.6,SG,0.6,0.7,2.3,TOR,0.502
611,611,2.3,0.514,4.4,0.7,0.324,2.3,1.1,23,0.2,1.9,3.0,0.449,6.7,1.7,0.792,2.1,76,18.0,NBA,18.0,0.3,1.7,Norman Powell ,8.4,SG,0.7,0.9,2.2,TOR,0.504
612,612,2.3,0.507,4.5,1.3,0.35200000000000004,3.6,2.0,24,0.4,1.7,3.5,0.43799999999999994,8.1,1.2,0.7829999999999999,1.5,15,12.0,NBA,23.3,0.3,2.3,Norman Powell ,9.5,SG,1.3,1.4,1.9,TOR,0.517
613,613,0.2,0.28600000000000003,0.8,0.1,0.23800000000000002,0.6,0.3,23,0.0,0.6,0.4,0.265,1.4,0.1,1.0,0.1,34,0.0,NBA,4.2,0.3,0.2,Pat Connaughton ,1.1,SG,0.1,0.3,0.9,POR,0.316
614,614,0.5,0.513,1.0,0.4,0.515,0.8,0.7,24,0.1,1.1,0.9,0.514,1.8,0.2,0.778,0.2,39,1.0,NBA,8.1,0.3,0.6,Pat Connaughton ,2.5,SG,0.2,0.4,1.3,POR,0.632
615,615,0.9,0.45899999999999996,1.9,1.2,0.436,2.8,1.2,25,0.3,2.1,2.1,0.446,4.6,0.7,0.929,0.7,20,2.0,NBA,19.1,0.1,1.2,Pat Connaughton ,6.0,SG,0.2,0.7,2.2,POR,0.5760000000000001
616,616,1.2,0.405,2.9,0.9,0.3,3.1,2.0,32,0.4,1.6,2.1,0.35100000000000003,6.0,0.8,0.8240000000000001,0.9,81,8.0,NBA,20.3,0.3,1.6,Randy Foye ,5.9,SG,0.5,1.1,1.9,TOT,0.428
617,617,1.2,0.409,3.0,0.9,0.29600000000000004,3.1,2.1,32,0.3,1.6,2.2,0.35100000000000003,6.2,0.7,0.83,0.9,54,7.0,NBA,19.8,0.3,1.5,Randy Foye ,6.0,SG,0.5,1.1,1.9,DEN,0.426
618,618,1.0,0.397,2.5,0.9,0.309,3.0,1.8,32,0.5,1.6,1.9,0.349,5.5,0.8,0.815,1.0,27,1.0,NBA,21.2,0.3,1.8,Randy Foye ,5.6,SG,0.5,1.0,1.9,OKC,0.433
621,621,2.1,0.474,4.5,0.0,,0.0,0.2,20,0.4,2.9,2.1,0.474,4.5,0.9,0.7140000000000001,1.2,17,0.0,NBA,11.7,1.4,1.0,Cheick Diallo ,5.1,PF,0.2,0.4,4.3,NOP,0.474
622,622,1.4,0.563,2.5,0.0,,0.0,0.2,21,0.1,1.8,1.4,0.563,2.5,0.2,0.5,0.5,13,0.0,NBA,8.2,0.6,1.5,Cheick Diallo ,3.0,PF,0.0,0.5,2.5,NOP,0.563
624,624,1.3,0.40399999999999997,3.2,0.2,0.318,0.5,1.4,21,0.2,0.9,1.5,0.392,3.8,0.8,0.7140000000000001,1.2,42,0.0,NBA,9.2,0.1,0.9,Kay Felder ,4.0,PG,0.4,0.7,1.0,CLE,0.415
625,625,1.3,0.326,3.8,0.3,0.235,1.4,1.7,22,0.1,0.8,1.6,0.302,5.3,0.8,0.9,0.8,12,0.0,NBA,10.5,0.1,0.9,Kay Felder ,4.3,PG,0.2,1.3,0.9,CHI,0.33299999999999996
627,627,0.4,0.5,0.9,0.5,0.305,1.8,0.9,23,0.1,1.3,1.0,0.369,2.6,0.3,0.773,0.4,54,2.0,NBA,9.6,0.5,0.8,Nicolas Brussino ,2.8,SF,0.3,0.5,1.8,DAL,0.47200000000000003
628,628,0.0,,0.0,0.0,0.0,0.5,0.0,24,0.0,0.8,0.0,0.0,0.5,0.0,,0.0,4,0.0,NBA,2.5,0.0,0.0,Nicolas Brussino ,0.0,SF,0.0,0.0,0.8,ATL,0.0
629,629,0.8,0.479,1.8,0.7,0.293,2.4,0.8,23,0.3,2.1,1.5,0.37200000000000005,4.1,0.6,0.754,0.8,81,35.0,NBA,20.3,0.7,1.5,Dorian FinneySmith ,4.3,PF,0.6,0.6,2.7,DAL,0.456
630,630,0.6,0.625,1.0,0.6,0.35700000000000004,1.8,0.6,24,0.1,0.6,1.3,0.455,2.8,0.1,0.5,0.3,8,1.0,NBA,11.8,0.6,1.6,Dorian FinneySmith ,3.3,PF,0.0,0.9,1.3,DAL,0.568
631,631,0.8,0.316,2.4,1.0,0.40299999999999997,2.6,1.8,22,0.0,1.6,1.8,0.361,5.0,0.6,0.8240000000000001,0.7,24,0.0,NBA,14.3,0.3,1.0,Damian Jones ,5.2,PG,0.5,0.7,1.8,TOT,0.466
632,632,0.4,0.267,1.4,0.9,0.345,2.6,1.2,22,0.0,1.0,1.3,0.318,4.0,1.0,0.846,1.2,11,0.0,NBA,11.9,0.2,0.6,Damian Jones ,4.5,PG,0.6,0.5,1.2,NJN,0.43200000000000005
633,633,1.1,0.33299999999999996,3.2,1.2,0.455,2.5,2.2,22,0.0,2.1,2.2,0.387,5.8,0.2,0.75,0.3,13,0.0,NBA,16.4,0.3,1.2,Damian Jones ,5.8,PG,0.5,0.9,2.4,BOS,0.48700000000000004
634,634,0.7,0.415,1.7,0.7,0.36,2.1,1.7,23,0.0,0.8,1.5,0.385,3.8,0.6,0.667,0.9,55,1.0,NBA,11.1,0.2,0.6,Damian Jones ,4.2,PG,0.3,0.7,1.0,TOT,0.483
635,635,1.1,0.452,2.4,0.8,0.478,1.8,3.0,23,0.0,1.2,1.9,0.46299999999999997,4.2,0.5,0.778,0.7,13,1.0,NBA,15.1,0.0,1.0,Damian Jones ,5.2,PG,0.5,1.2,1.2,GSW,0.565
636,636,0.6,0.397,1.5,0.7,0.33,2.2,1.4,23,0.0,0.6,1.3,0.35700000000000004,3.7,0.6,0.6409999999999999,0.9,42,0.0,NBA,9.9,0.3,0.5,Damian Jones ,3.9,PG,0.3,0.6,0.9,DAL,0.455
637,637,1.2,0.465,2.6,1.2,0.364,3.3,3.2,24,0.0,1.5,2.4,0.409,5.9,0.5,0.7120000000000001,0.7,71,10.0,NBA,19.9,0.2,0.8,Damian Jones ,6.5,PG,0.5,1.1,1.7,VAN,0.51
638,638,0.7,0.45899999999999996,1.5,1.0,0.371,2.8,2.1,25,0.0,1.3,1.7,0.401,4.2,0.6,0.7290000000000001,0.9,67,0.0,NBA,16.2,0.2,1.2,Damian Jones ,5.1,PG,0.3,0.9,1.5,DET,0.523
639,639,0.7,0.40399999999999997,1.8,0.9,0.364,2.5,1.6,26,0.1,1.2,1.6,0.381,4.3,0.4,0.741,0.6,49,1.0,NBA,14.5,0.2,0.9,Damian Jones ,4.6,PG,0.4,0.5,1.4,SAC,0.486
640,640,1.4,0.446,3.1,1.2,0.359,3.3,5.8,27,0.0,1.9,2.6,0.401,6.4,0.7,0.764,0.9,82,26.0,NBA,24.6,0.2,1.1,Damian Jones ,7.0,PG,0.4,1.3,2.1,MIL,0.494
641,641,1.3,0.517,2.5,2.7,0.43200000000000005,6.4,4.3,28,0.1,2.6,4.0,0.456,8.9,0.8,0.7909999999999999,1.0,82,66.0,NBA,31.4,0.2,1.5,Damian Jones ,11.6,PG,0.5,1.2,2.8,MIA,0.611
642,642,0.6,0.41700000000000004,1.5,1.7,0.377,4.5,2.1,29,0.0,1.5,2.3,0.387,6.0,0.4,0.64,0.6,82,7.0,NBA,25.5,0.2,1.4,Damian Jones ,6.7,PG,0.5,0.7,1.6,CLE,0.53
643,643,0.8,0.387,2.1,1.5,0.385,3.9,1.6,30,0.0,1.0,2.3,0.386,5.9,0.5,0.682,0.7,60,0.0,NBA,19.6,0.2,0.9,Damian Jones ,6.6,PG,0.3,0.6,1.1,CLE,0.511
644,644,0.5,0.414,1.3,1.7,0.41700000000000004,4.1,1.9,31,0.0,1.0,2.3,0.41600000000000004,5.4,0.3,0.7140000000000001,0.4,67,3.0,NBA,19.9,0.1,1.0,Damian Jones ,6.5,SG,0.3,0.5,1.1,CLE,0.574
645,645,0.0,0.0,0.3,0.6,0.39299999999999996,1.6,0.4,32,0.0,0.3,0.6,0.324,1.9,0.0,,0.0,18,0.0,NBA,6.0,0.0,0.2,Damian Jones ,1.8,PG,0.2,0.3,0.3,MIL,0.485
648,648,1.4,0.636,2.3,0.0,0.0,0.0,0.3,29,1.1,2.4,1.4,0.628,2.3,0.8,0.5870000000000001,1.4,34,6.0,NBA,11.7,1.2,1.6,Salah Mejri ,3.7,C,0.2,0.7,3.6,DAL,0.628
649,649,1.2,0.649,1.8,0.0,0.33299999999999996,0.0,0.2,30,0.8,2.9,1.2,0.642,1.9,0.5,0.59,0.8,73,11.0,NBA,12.4,1.3,2.1,Salah Mejri ,2.9,C,0.4,0.5,4.2,DAL,0.6459999999999999
650,650,1.4,0.759,1.8,0.0,0.0,0.1,0.5,31,1.6,3.2,1.4,0.71,1.9,0.7,0.524,1.3,16,1.0,NBA,12.4,1.7,1.9,Salah Mejri ,3.4,C,0.4,0.6,4.9,DAL,0.71
658,658,6.1,0.447,13.7,0.0,0.0,0.0,0.9,22,1.7,7.1,6.1,0.447,13.7,2.9,0.609,4.7,73,73.0,NBA,35.6,3.8,2.9,Emeka Okafor ,15.1,PF,0.8,1.7,10.9,CHA,0.447
659,659,5.0,0.415,12.2,0.0,,0.0,1.2,23,1.9,6.4,5.0,0.415,12.2,3.2,0.6559999999999999,4.8,26,25.0,NBA,33.6,3.6,3.4,Emeka Okafor ,13.2,PF,0.8,2.0,10.0,CHA,0.415
660,660,5.9,0.532,11.0,0.0,,0.0,1.2,24,2.6,7.4,5.9,0.532,11.0,2.6,0.593,4.4,67,65.0,NBA,34.8,3.9,3.1,Emeka Okafor ,14.4,C,0.9,1.7,11.3,CHA,0.532
661,661,5.6,0.535,10.5,0.0,,0.0,0.9,25,1.7,7.6,5.6,0.535,10.5,2.6,0.57,4.6,82,82.0,NBA,33.1,3.1,2.9,Emeka Okafor ,13.8,C,0.8,2.0,10.7,CHA,0.535
662,662,5.3,0.561,9.4,0.0,,0.0,0.6,26,1.7,6.7,5.3,0.561,9.4,2.7,0.593,4.5,82,81.0,NBA,32.8,3.4,3.0,Emeka Okafor ,13.2,C,0.6,1.8,10.1,CHA,0.561
663,663,4.2,0.53,8.0,0.0,,0.0,0.7,27,1.5,6.0,4.2,0.53,8.0,1.9,0.562,3.3,82,82.0,NBA,28.9,3.1,2.7,Emeka Okafor ,10.4,C,0.7,1.4,9.0,NOH,0.53
664,664,4.2,0.574,7.3,0.0,0.0,0.0,0.6,28,1.8,6.3,4.2,0.573,7.3,2.0,0.562,3.6,72,72.0,NBA,31.8,3.2,3.2,Emeka Okafor ,10.3,C,0.6,1.7,9.5,NOH,0.573
665,665,4.2,0.5329999999999999,7.9,0.0,,0.0,0.9,29,1.0,5.3,4.2,0.5329999999999999,7.9,1.4,0.514,2.7,27,27.0,NBA,28.9,2.6,2.7,Emeka Okafor ,9.9,C,0.6,1.4,7.9,NOH,0.5329999999999999
666,666,4.2,0.47700000000000004,8.7,0.0,,0.0,1.2,30,1.0,6.2,4.2,0.47700000000000004,8.7,1.4,0.5710000000000001,2.4,79,77.0,NBA,26.0,2.5,1.8,Emeka Okafor ,9.7,C,0.6,1.4,8.8,WAS,0.47700000000000004
679,679,,,,,,,0.6,22,,,1.6,0.35600000000000004,4.5,1.7,0.68,2.5,20,,NBA,14.0,,2.7,Jeff Green ,4.9,SG,,,3.6,PHI,
680,680,,,,,,,0.0,23,,,1.6,0.615,2.6,1.6,1.0,1.6,5,,NBA,9.8,,2.4,Jeff Green ,4.8,SG,,,2.2,PHI,
681,681,0.9,0.5,1.7,0.5,0.313,1.6,2.1,35,0.0,1.4,1.3,0.41,3.3,0.3,0.917,0.3,41,13.0,NBA,13.1,0.4,0.9,Jose Calderon ,3.4,PG,0.3,1.0,1.8,TOT,0.485
682,682,0.8,0.465,1.8,0.5,0.353,1.4,2.1,35,0.0,1.4,1.3,0.41600000000000004,3.2,0.2,1.0,0.2,24,11.0,NBA,12.2,0.3,0.9,Jose Calderon ,3.3,PG,0.3,1.1,1.8,LAL,0.494
683,683,0.9,0.556,1.6,0.5,0.267,1.8,2.2,35,0.0,1.5,1.4,0.40399999999999997,3.4,0.4,0.875,0.5,17,2.0,NBA,14.5,0.4,0.8,Jose Calderon ,3.6,PG,0.2,0.9,1.9,ATL,0.474
686,686,0.8,0.429,1.8,1.0,0.308,3.3,1.0,25,0.0,1.3,1.8,0.35,5.0,1.0,1.0,1.0,4,0.0,NBA,18.0,0.3,0.8,Sean Kilpatrick ,5.5,SG,0.8,0.5,1.5,MIN,0.45
687,687,2.7,0.5379999999999999,5.0,1.3,0.342,3.7,0.9,26,0.1,1.4,4.0,0.456,8.7,1.9,0.8959999999999999,2.2,31,0.0,NBA,19.9,0.4,1.2,Sean Kilpatrick ,11.1,SG,0.4,1.0,1.8,TOT,0.528
688,688,0.5,1.0,0.5,0.5,0.235,2.1,0.4,26,0.0,0.5,1.0,0.381,2.6,0.9,0.875,1.0,8,0.0,NBA,10.3,0.3,0.9,Sean Kilpatrick ,3.4,SG,0.3,0.5,0.8,DEN,0.47600000000000003
689,689,3.5,0.526,6.6,1.5,0.361,4.2,1.1,26,0.1,1.7,5.0,0.462,10.8,2.3,0.898,2.6,23,0.0,NBA,23.2,0.4,1.3,Sean Kilpatrick ,13.8,SG,0.4,1.2,2.2,BRK,0.532
690,690,2.9,0.46799999999999997,6.1,1.5,0.341,4.4,2.2,27,0.1,3.7,4.4,0.415,10.5,2.9,0.843,3.5,70,24.0,NBA,25.1,0.3,1.7,Sean Kilpatrick ,13.1,SG,0.6,1.9,4.0,BRK,0.486
691,691,1.0,0.34299999999999997,2.9,0.5,0.24,2.1,0.9,28,0.0,1.9,1.5,0.3,5.0,0.8,0.909,0.9,12,0.0,NBA,9.8,0.0,0.3,Sean Kilpatrick ,4.3,SG,0.2,1.0,1.9,BRK,0.35
697,697,1.3,0.4,3.2,0.1,0.214,0.3,0.3,22,0.0,0.7,1.4,0.38299999999999995,3.5,1.0,0.6779999999999999,1.4,42,0.0,NBA,8.5,0.4,0.5,Dakari Johnson ,3.7,SG,0.2,0.7,1.1,POR,0.39299999999999996
698,698,1.0,0.321,3.1,0.0,0.0,0.1,0.2,23,0.0,0.4,1.0,0.315,3.2,0.8,0.619,1.2,17,0.0,NBA,7.0,0.5,0.4,Dakari Johnson ,2.8,SG,0.2,0.5,0.9,CHI,0.315
703,703,0.3,0.267,1.3,0.0,0.0,0.1,0.2,24,0.0,0.3,0.3,0.25,1.3,0.5,0.857,0.6,12,0.0,NBA,3.8,0.1,0.8,Damien Wilkins ,1.2,SF-PF,0.0,0.3,0.3,TOT,0.25
704,704,0.0,0.0,1.0,0.0,,0.0,0.0,24,0.0,0.5,0.0,0.0,1.0,0.0,,0.0,2,0.0,NBA,3.5,0.0,1.0,Damien Wilkins ,0.0,PF,0.0,0.0,0.5,DET,0.0
705,705,0.4,0.308,1.3,0.0,0.0,0.1,0.2,24,0.0,0.2,0.4,0.28600000000000003,1.4,0.6,0.857,0.7,10,0.0,NBA,3.8,0.1,0.8,Damien Wilkins ,1.4,SF,0.0,0.4,0.3,LAC,0.28600000000000003
708,708,1.2,0.479,2.4,0.8,0.308,2.7,0.5,31,0.0,0.4,2.0,0.389,5.1,0.7,0.919,0.8,49,7.0,NBA,14.6,0.2,0.9,Anthony Morrow ,5.5,SG,0.5,0.1,0.6,TOT,0.47
709,709,1.3,0.49,2.6,0.9,0.294,3.0,0.5,31,0.1,0.5,2.2,0.386,5.6,0.6,0.885,0.7,40,7.0,NBA,15.7,0.3,1.0,Anthony Morrow ,5.8,SG,0.6,0.2,0.7,OKC,0.46399999999999997
710,710,0.7,0.4,1.7,0.7,0.429,1.6,0.7,31,0.0,0.1,1.3,0.414,3.2,1.2,1.0,1.2,9,0.0,NBA,9.7,0.1,0.4,Anthony Morrow ,4.6,SG,0.2,0.0,0.2,CHI,0.517
712,712,3.6,0.493,7.3,0.2,0.23199999999999998,0.7,1.9,21,0.4,3.6,3.8,0.47,8.0,2.4,0.823,2.9,80,44.0,NBA,29.7,2.4,2.3,Josh Childress ,10.1,SG,0.9,1.3,6.0,ATL,0.48100000000000004
713,713,3.3,0.56,5.9,0.4,0.49200000000000005,0.9,1.8,22,0.5,3.4,3.8,0.552,6.8,2.1,0.7659999999999999,2.7,74,10.0,NBA,30.4,1.8,2.5,Josh Childress ,10.0,SF,1.2,1.4,5.2,ATL,0.583
714,714,4.3,0.5329999999999999,8.0,0.5,0.33799999999999997,1.4,2.3,23,0.7,3.9,4.7,0.504,9.4,3.0,0.795,3.8,55,13.0,NBA,36.8,2.2,2.1,Josh Childress ,13.0,SG,1.1,1.5,6.2,ATL,0.529
715,715,4.0,0.595,6.8,0.3,0.36700000000000005,0.8,1.5,24,0.6,2.6,4.3,0.5710000000000001,7.5,2.9,0.807,3.6,76,0.0,NBA,29.9,2.3,1.7,Josh Childress ,11.8,SF,0.9,1.3,4.9,ATL,0.59
716,716,2.2,0.606,3.7,0.0,0.063,0.3,0.8,27,0.4,1.6,2.2,0.565,4.0,0.5,0.49200000000000005,1.1,54,3.0,NBA,16.6,1.3,1.3,Josh Childress ,5.0,SG,0.6,0.8,2.9,PHO,0.568
717,717,1.3,0.5870000000000001,2.2,0.1,0.16699999999999998,0.7,1.0,28,0.2,1.9,1.4,0.485,2.9,0.0,0.0,0.1,34,0.0,NBA,14.4,0.9,1.1,Josh Childress ,2.9,SF,0.4,0.3,2.8,PHO,0.505
718,718,0.4,0.278,1.3,0.1,0.33299999999999996,0.2,0.4,29,0.1,0.6,0.4,0.28600000000000003,1.5,0.1,0.5,0.1,14,0.0,NBA,7.1,0.4,0.2,Josh Childress ,1.0,SF,0.1,0.0,1.1,BRK,0.31
719,719,0.0,,0.0,0.0,,0.0,0.5,30,0.0,0.8,0.0,,0.0,0.0,,0.0,4,0.0,NBA,6.0,0.0,0.3,Josh Childress ,0.0,SF,0.3,0.3,0.8,NOP,
721,721,1.7,0.512,3.4,0.4,0.349,1.2,1.0,28,0.1,2.4,2.1,0.47,4.6,0.5,0.586,0.8,36,2.0,NBA,17.9,0.8,1.4,Omri Casspi ,5.2,SF,0.6,0.8,3.1,TOT,0.515
722,722,1.9,0.47700000000000004,4.0,0.5,0.379,1.3,1.2,28,0.0,3.2,2.4,0.45299999999999996,5.3,0.5,0.5710000000000001,1.0,22,2.0,NBA,18.0,0.9,1.0,Omri Casspi ,5.9,SF,0.5,0.8,4.1,SAC,0.5
723,723,3.0,0.6,5.0,2.0,0.5,4.0,0.0,28,0.0,1.0,5.0,0.556,9.0,0.0,,0.0,1,0.0,NBA,24.0,1.0,3.0,Omri Casspi ,12.0,SF,0.0,2.0,2.0,NOP,0.667
724,724,1.3,0.607,2.2,0.2,0.2,0.8,0.8,28,0.2,1.1,1.5,0.5,2.9,0.4,0.625,0.6,13,0.0,NBA,17.1,0.5,1.8,Omri Casspi ,3.5,SF,1.0,0.8,1.5,MIN,0.526
725,725,2.0,0.467,4.3,1.4,0.36700000000000005,3.8,4.9,22,0.1,2.3,3.4,0.42,8.1,1.8,0.767,2.4,82,82.0,NBA,32.0,0.5,2.9,Mario Chalmers ,10.0,PG,2.0,2.0,2.8,MIA,0.506
726,726,1.5,0.491,3.0,1.0,0.318,3.2,3.4,23,0.2,1.5,2.5,0.401,6.2,1.1,0.745,1.5,73,22.0,NBA,24.8,0.3,2.4,Mario Chalmers ,7.1,PG,1.2,1.7,1.8,MIA,0.483
727,727,1.0,0.45899999999999996,2.2,1.2,0.359,3.3,2.5,24,0.1,1.9,2.2,0.39899999999999997,5.5,0.8,0.871,0.9,70,28.0,NBA,22.6,0.2,2.3,Mario Chalmers ,6.4,PG,1.1,1.3,2.1,MIA,0.506
728,728,1.9,0.513,3.7,1.6,0.38799999999999996,4.1,3.5,25,0.2,2.4,3.5,0.44799999999999995,7.8,1.3,0.792,1.6,64,64.0,NBA,28.5,0.3,2.6,Mario Chalmers ,9.8,PG,1.5,2.2,2.7,MIA,0.5489999999999999
729,729,1.4,0.456,3.0,1.6,0.409,3.9,3.5,26,0.2,2.0,2.9,0.429,6.9,1.2,0.795,1.5,77,77.0,NBA,26.9,0.2,2.5,Mario Chalmers ,8.6,PG,1.5,1.5,2.2,MIA,0.545
730,730,2.3,0.5,4.6,1.2,0.385,3.1,4.9,27,0.2,2.4,3.5,0.45399999999999996,7.7,1.7,0.742,2.2,73,73.0,NBA,29.8,0.6,2.9,Mario Chalmers ,9.8,PG,1.6,2.2,2.9,MIA,0.531
731,731,2.4,0.467,5.2,0.9,0.294,3.1,3.8,28,0.1,2.3,3.3,0.40299999999999997,8.3,2.6,0.774,3.3,80,37.0,NBA,29.6,0.3,3.1,Mario Chalmers ,10.2,PG,1.5,2.2,2.6,MIA,0.45799999999999996
732,732,2.2,0.461,4.8,0.8,0.309,2.4,3.8,29,0.2,2.2,3.0,0.41,7.3,3.6,0.8320000000000001,4.3,61,7.0,NBA,22.5,0.4,3.0,Mario Chalmers ,10.3,PG,1.4,1.8,2.6,TOT,0.462
733,733,1.5,0.429,3.5,0.2,0.091,1.8,3.2,29,0.2,2.2,1.7,0.313,5.3,2.0,0.9229999999999999,2.2,6,0.0,NBA,20.0,0.2,2.7,Mario Chalmers ,5.5,PG,1.3,1.5,2.3,MIA,0.32799999999999996
734,734,2.3,0.46399999999999997,5.0,0.8,0.326,2.5,3.8,29,0.2,2.2,3.1,0.41700000000000004,7.5,3.7,0.8270000000000001,4.5,55,7.0,NBA,22.8,0.4,3.0,Mario Chalmers ,10.8,PG,1.5,1.8,2.6,MEM,0.47200000000000003
735,735,2.1,0.44299999999999995,4.6,0.7,0.237,3.1,4.0,31,0.1,2.9,2.8,0.361,7.7,2.1,0.784,2.7,19,7.0,NBA,24.8,0.2,3.2,Mario Chalmers ,8.4,PG,1.4,1.8,3.1,MEM,0.408
748,748,2.1,0.608,3.4,0.3,0.33299999999999996,1.0,1.6,22,0.3,1.4,2.4,0.545,4.4,2.2,0.7859999999999999,2.8,15,0.0,NBA,14.3,0.5,0.5,Archie Goodwin ,7.3,SG,0.3,0.9,1.9,TOT,0.583
749,749,0.3,0.33299999999999996,1.0,0.3,0.5,0.7,0.3,22,0.3,0.0,0.7,0.4,1.7,3.3,1.0,3.3,3,0.0,NBA,10.0,0.0,0.3,Archie Goodwin ,5.0,SG,0.0,0.0,0.0,NOP,0.5
750,750,2.5,0.625,4.0,0.3,0.308,1.1,1.9,22,0.3,1.8,2.8,0.557,5.1,1.9,0.7190000000000001,2.7,12,0.0,NBA,15.3,0.6,0.6,Archie Goodwin ,7.9,SG,0.3,1.2,2.3,BRK,0.59
753,753,,,,,,,0.7,22,,,1.6,0.389,4.2,1.2,0.645,1.8,17,,NBA,11.9,,1.3,James Jones ,4.5,SG,,,1.5,TOT,
754,754,,,,,,,0.3,22,,,1.0,0.33299999999999996,3.0,1.2,0.7,1.7,6,,NBA,6.8,,0.5,James Jones ,3.2,SG,,,1.0,PHI,
755,755,,,,,,,0.9,22,,,2.0,0.40700000000000003,4.9,1.2,0.619,1.9,11,,NBA,14.6,,1.7,James Jones ,5.2,SG,,,1.8,CIN,
757,757,0.7,0.423,1.6,0.5,0.315,1.5,3.0,21,0.1,0.8,1.2,0.371,3.1,0.2,0.5710000000000001,0.3,48,3.0,NBA,14.6,0.1,1.0,Kendall Marshall ,3.0,PG,0.5,1.2,0.9,PHO,0.447
758,758,1.8,0.41100000000000003,4.5,1.3,0.39899999999999997,3.3,8.8,22,0.1,2.6,3.1,0.406,7.8,0.4,0.528,0.7,54,45.0,NBA,29.0,0.3,1.4,Kendall Marshall ,8.0,PG,0.9,2.8,2.9,LAL,0.49
759,759,1.0,0.509,2.0,0.6,0.391,1.6,3.1,23,0.0,0.9,1.6,0.455,3.6,0.3,0.889,0.3,28,3.0,NBA,14.9,0.1,0.9,Kendall Marshall ,4.2,PG,0.8,1.3,1.0,MIL,0.545
760,760,0.9,0.391,2.3,0.5,0.327,1.6,2.4,24,0.1,0.9,1.4,0.364,3.9,0.3,0.6920000000000001,0.4,30,6.0,NBA,13.3,0.1,1.0,Kendall Marshall ,3.7,PG,0.5,1.4,0.9,PHI,0.43200000000000005
762,762,0.5,0.55,0.9,0.1,0.182,0.5,1.7,23,0.3,0.9,0.6,0.419,1.4,0.4,0.727,0.5,22,2.0,NBA,8.1,0.2,0.8,Julyan Stone ,1.6,SG,0.4,0.5,1.1,DEN,0.452
763,763,0.5,1.0,0.5,0.0,,0.0,0.5,24,0.0,0.3,0.5,1.0,0.5,0.8,0.75,1.0,4,0.0,NBA,7.0,0.5,1.0,Julyan Stone ,1.8,PG,0.3,0.5,0.8,DEN,1.0
764,764,0.2,0.556,0.4,0.1,0.25,0.4,0.6,25,0.0,0.9,0.3,0.41200000000000003,0.8,0.1,0.667,0.1,21,0.0,NBA,5.7,0.1,0.6,Julyan Stone ,0.9,SG,0.1,0.2,1.0,TOR,0.47100000000000003
765,765,0.0,,0.0,1.0,0.5,2.0,1.0,29,0.0,2.5,1.0,0.5,2.0,0.0,,0.0,2,0.0,NBA,9.0,0.0,1.5,Julyan Stone ,3.0,SG,1.0,1.0,2.5,CHO,0.75
766,766,1.0,0.402,2.6,0.0,0.0,0.1,0.3,21,0.2,1.3,1.0,0.39399999999999996,2.6,0.3,0.667,0.4,38,1.0,NBA,7.4,0.3,0.6,Perry Jones III ,2.3,SF,0.1,0.4,1.6,OKC,0.39399999999999996
767,767,1.0,0.508,1.9,0.4,0.361,1.0,0.4,22,0.3,1.4,1.3,0.45899999999999996,2.9,0.5,0.667,0.7,62,7.0,NBA,12.3,0.5,1.0,Perry Jones III ,3.5,PF,0.2,0.3,1.8,OKC,0.519
768,768,1.4,0.47600000000000003,2.9,0.3,0.233,1.4,0.4,23,0.2,1.6,1.7,0.397,4.3,0.6,0.649,0.9,43,13.0,NBA,14.7,0.1,1.2,Perry Jones III ,4.3,SF,0.4,0.6,1.8,OKC,0.435
770,770,1.2,0.5529999999999999,2.1,0.4,0.303,1.3,0.3,23,0.4,1.4,1.6,0.456,3.4,0.7,0.8420000000000001,0.8,49,0.0,NBA,10.3,0.3,1.0,KJ McDaniels ,4.2,SF,0.4,0.6,1.7,TOT,0.515
771,771,0.8,0.537,1.4,0.3,0.33299999999999996,0.9,0.1,23,0.3,0.8,1.1,0.456,2.3,0.3,0.9,0.3,29,0.0,NBA,7.3,0.2,0.8,KJ McDaniels ,2.8,SF,0.2,0.3,1.0,HOU,0.522
772,772,1.8,0.565,3.1,0.6,0.282,2.0,0.5,23,0.5,2.2,2.3,0.455,5.1,1.2,0.821,1.4,20,0.0,NBA,14.7,0.5,1.3,KJ McDaniels ,6.3,SF,0.6,1.0,2.6,BRK,0.51
775,775,0.6,0.396,1.5,0.3,0.353,1.0,0.6,24,0.3,1.6,0.9,0.379,2.5,0.6,0.909,0.6,35,0.0,NBA,13.5,0.7,1.5,Okaro White ,2.8,PF,0.3,0.5,2.3,MIA,0.44799999999999995
776,776,0.5,0.6,0.8,0.7,0.364,1.8,0.3,25,0.2,1.3,1.2,0.43799999999999994,2.7,0.3,0.667,0.5,6,4.0,NBA,13.3,0.5,1.0,Okaro White ,3.3,PF,0.2,0.2,1.8,MIA,0.563
777,777,0.7,0.395,1.8,0.6,0.406,1.5,1.0,22,0.1,0.5,1.3,0.4,3.3,0.6,0.684,0.9,21,0.0,NBA,8.8,0.2,1.2,Markel Brown ,3.9,PG,0.4,0.6,0.7,POR,0.493
778,778,0.7,0.5710000000000001,1.2,0.0,0.0,1.2,0.5,25,0.0,0.7,0.7,0.28600000000000003,2.3,0.3,1.0,0.3,6,0.0,NBA,7.5,0.5,1.3,Markel Brown ,1.7,SG,0.0,0.5,1.2,DET,0.28600000000000003
780,780,2.0,0.41200000000000003,4.9,0.0,0.0,0.7,3.0,23,0.4,2.4,2.0,0.359,5.6,0.4,0.75,0.6,7,4.0,NBA,24.1,1.1,1.7,Briante Weber ,4.4,PG,1.3,1.3,3.6,TOT,0.359
781,781,2.2,0.39399999999999996,5.5,0.0,0.0,0.8,3.3,23,0.5,2.7,2.2,0.342,6.3,0.5,0.75,0.7,6,4.0,NBA,27.7,1.3,1.8,Briante Weber ,4.8,PG,1.5,1.5,4.0,MEM,0.342
782,782,1.0,1.0,1.0,0.0,,0.0,1.0,23,0.0,1.0,1.0,1.0,1.0,0.0,,0.0,1,0.0,NBA,3.0,0.0,1.0,Briante Weber ,2.0,PG,0.0,0.0,1.0,MIA,1.0
783,783,0.7,0.33299999999999996,2.1,0.3,0.226,1.1,1.0,21,0.0,0.2,1.0,0.295,3.3,0.6,0.895,0.7,27,1.0,NBA,7.5,0.0,1.0,Maalik Wayns ,2.8,PG,0.2,0.6,0.3,TOT,0.335
784,784,0.7,0.298,2.2,0.2,0.2,1.2,1.0,21,0.0,0.2,0.9,0.264,3.4,0.6,0.867,0.7,21,1.0,NBA,7.9,0.0,0.9,Maalik Wayns ,2.7,PG,0.1,0.6,0.2,PHI,0.299
785,785,0.8,0.5,1.7,0.3,0.33299999999999996,1.0,1.2,21,0.0,0.3,1.2,0.43799999999999994,2.7,0.7,1.0,0.7,6,0.0,NBA,6.2,0.0,1.3,Maalik Wayns ,3.3,PG,0.5,0.3,0.3,LAC,0.5
786,786,0.5,0.5,1.0,0.0,,0.0,1.0,22,0.0,1.0,0.5,0.5,1.0,0.0,,0.0,2,0.0,NBA,4.5,0.0,2.0,Maalik Wayns ,1.0,PG,1.0,0.0,1.0,LAC,0.5
787,787,0.7,0.667,1.0,0.0,0.0,0.3,0.3,21,0.0,1.0,0.7,0.5,1.3,0.3,0.2,1.7,3,0.0,NBA,5.0,0.0,0.3,Vander Blue ,1.7,SG,0.0,0.7,1.0,BOS,0.5
788,788,3.5,0.35,10.0,1.0,0.2,5.0,4.0,22,0.0,3.5,4.5,0.3,15.0,1.0,0.4,2.5,2,1.0,NBA,37.0,1.0,2.0,Vander Blue ,11.0,SG,1.5,3.0,4.5,LAL,0.33299999999999996
789,789,0.3,0.33299999999999996,0.8,0.0,,0.0,0.3,25,0.0,0.3,0.3,0.33299999999999996,0.8,0.0,,0.0,4,0.0,NBA,7.0,0.0,0.5,Vander Blue ,0.5,SG,0.0,0.5,0.3,LAL,0.33299999999999996
790,790,0.8,0.341,2.2,0.3,0.379,0.8,0.9,22,0.1,1.0,1.1,0.35100000000000003,3.0,0.5,0.818,0.6,37,0.0,NBA,7.9,0.1,1.0,Fred VanVleet ,2.9,PG,0.4,0.4,1.1,TOR,0.401
791,791,1.3,0.424,3.1,0.7,0.318,2.3,2.5,23,0.2,1.4,2.1,0.379,5.4,0.8,0.889,0.9,19,0.0,NBA,15.7,0.2,1.3,Fred VanVleet ,5.7,PG,0.8,0.9,1.6,TOR,0.447
792,792,0.5,0.413,1.3,0.5,0.321,1.5,0.6,23,0.0,0.6,1.0,0.364,2.8,0.1,0.833,0.2,36,0.0,NBA,7.9,0.1,0.6,Bryn Forbes ,2.6,SG,0.0,0.3,0.6,SAS,0.449
793,793,1.5,0.491,3.0,0.9,0.409,2.3,0.7,24,0.1,0.9,2.4,0.455,5.3,0.3,0.625,0.4,19,1.0,NBA,15.1,0.3,1.3,Bryn Forbes ,6.1,SG,0.3,0.4,1.3,SAS,0.545
795,795,0.5,0.557,0.9,1.0,0.39899999999999997,2.6,0.7,24,0.4,1.1,1.5,0.44,3.5,0.4,0.8240000000000001,0.5,67,6.0,NBA,12.1,0.3,1.1,Davis Bertans ,4.5,PF,0.3,0.5,1.5,SAS,0.588
796,796,0.2,0.6,0.3,0.7,0.39299999999999996,1.9,0.5,25,0.1,0.9,0.9,0.424,2.2,0.4,0.75,0.5,15,0.0,NBA,7.0,0.0,0.7,Davis Bertans ,3.0,PF,0.1,0.2,0.9,SAS,0.591
797,797,0.9,0.5329999999999999,1.7,0.6,0.33299999999999996,1.7,1.1,21,0.2,1.1,1.5,0.433,3.5,0.4,0.784,0.5,71,20.0,NBA,15.1,0.3,0.9,Patrick McCaw ,4.0,SG,0.5,0.5,1.4,GSW,0.516
798,798,0.9,0.5670000000000001,1.7,0.4,0.381,1.2,0.9,22,0.1,0.6,1.4,0.49,2.8,0.1,0.33299999999999996,0.2,18,0.0,NBA,12.1,0.2,0.8,Patrick McCaw ,3.3,SG,0.4,0.4,0.8,GSW,0.569
799,799,2.3,0.605,3.8,0.1,0.2,0.3,0.7,24,0.4,2.3,2.4,0.58,4.1,1.3,0.6409999999999999,2.0,20,2.0,NBA,19.9,0.9,1.8,David Nwaba ,6.0,SG,0.7,0.6,3.2,LAL,0.586
800,800,2.3,0.545,4.1,0.3,0.4,0.6,1.0,25,0.8,5.1,2.5,0.526,4.8,1.6,0.722,2.3,8,3.0,NBA,21.0,0.4,1.8,David Nwaba ,6.9,SG,0.8,0.5,5.5,CHI,0.5529999999999999
804,804,,,,,,,0.7,25,,,1.9,0.33299999999999996,5.6,1.7,0.723,2.4,20,,BAA,,,3.4,Bobby Brown ,5.4,,,,,PRO,
805,805,,,,,,,1.6,26,,,4.5,0.361,12.3,2.8,0.6829999999999999,4.1,62,,NBA,,,4.3,Bobby Brown ,11.7,,,,,DNN,
817,817,1.3,0.409,3.1,1.1,0.32899999999999996,3.2,3.5,26,0.1,1.7,2.3,0.368,6.3,1.2,0.731,1.6,48,7.0,NBA,18.1,0.3,1.2,Brandon Jennings ,6.9,PG,0.6,1.2,2.0,TOT,0.452
818,818,1.3,0.439,2.9,1.0,0.312,3.3,3.0,26,0.1,1.8,2.3,0.371,6.2,1.2,0.711,1.7,23,1.0,NBA,18.1,0.2,1.0,Brandon Jennings ,6.8,PG,0.5,1.0,2.0,DET,0.455
819,819,1.3,0.386,3.3,1.1,0.34600000000000003,3.1,4.0,26,0.2,1.6,2.4,0.366,6.4,1.2,0.75,1.6,25,6.0,NBA,18.1,0.4,1.3,Brandon Jennings ,7.0,PG,0.7,1.4,2.0,ORL,0.45
825,825,1.2,0.488,2.5,0.2,0.326,0.7,0.7,22,0.7,1.4,1.5,0.452,3.2,0.8,0.7290000000000001,1.1,65,11.0,NBA,11.6,0.5,1.9,Jaylen Johnson ,3.9,PF,0.3,1.0,2.0,CHI,0.488
826,826,2.6,0.493,5.3,0.2,0.235,0.9,2.3,23,1.0,2.8,2.8,0.456,6.2,1.2,0.662,1.9,38,25.0,NBA,21.6,1.0,2.5,Jaylen Johnson ,7.1,SF,0.9,1.7,3.7,TOT,0.473
827,827,1.2,0.469,2.5,0.2,0.222,0.7,1.1,23,0.7,1.4,1.3,0.415,3.2,0.5,0.462,1.0,13,0.0,NBA,9.5,0.5,1.9,Jaylen Johnson ,3.2,SF,0.6,1.4,1.8,CHI,0.439
828,828,3.4,0.49700000000000005,6.8,0.2,0.24,1.0,3.0,23,1.1,3.5,3.6,0.46399999999999997,7.8,1.6,0.7070000000000001,2.3,25,25.0,NBA,28.0,1.2,2.8,Jaylen Johnson ,9.2,SF,1.0,1.8,4.7,TOR,0.48
829,829,3.5,0.467,7.4,0.3,0.317,1.0,2.0,24,1.4,3.5,3.8,0.45,8.4,1.3,0.7040000000000001,1.9,62,40.0,NBA,25.2,1.2,2.9,Jaylen Johnson ,9.1,SF,1.1,1.6,4.7,TOR,0.46799999999999997
830,830,2.1,0.439,4.9,0.0,0.095,0.4,1.1,25,0.9,1.8,2.2,0.413,5.2,0.7,0.597,1.2,54,11.0,NBA,16.3,0.9,1.8,Jaylen Johnson ,5.1,SF,0.8,1.3,2.7,SAC,0.41700000000000004
831,831,2.3,0.5479999999999999,4.3,0.4,0.253,1.7,2.1,26,1.1,2.0,2.8,0.46399999999999997,5.9,1.5,0.8440000000000001,1.7,52,4.0,NBA,18.4,1.2,2.0,Jaylen Johnson ,7.4,SF,0.8,1.3,3.2,MEM,0.5
832,832,3.2,0.643,5.0,0.2,0.21600000000000003,0.7,1.4,27,1.0,2.8,3.4,0.589,5.8,1.0,0.657,1.5,70,17.0,NBA,19.6,0.9,2.2,Jaylen Johnson ,7.9,PF,0.8,1.1,3.7,TOR,0.603
833,833,1.6,0.54,3.1,0.4,0.303,1.2,1.2,28,0.6,1.7,2.0,0.475,4.2,0.7,0.574,1.2,57,32.0,NBA,16.2,0.5,1.5,Jaylen Johnson ,5.0,PF,0.5,0.9,2.2,TOR,0.517
834,834,3.7,0.5479999999999999,6.8,1.1,0.34,3.4,3.6,29,1.1,4.1,4.8,0.479,10.1,2.0,0.7070000000000001,2.8,76,5.0,NBA,27.4,0.9,2.6,Jaylen Johnson ,12.8,PF,1.0,2.3,4.9,MIA,0.535
835,835,3.3,0.5710000000000001,5.8,0.9,0.354,2.7,4.6,30,0.7,4.5,4.3,0.503,8.5,2.1,0.7120000000000001,2.9,18,5.0,NBA,27.7,0.8,2.9,Jaylen Johnson ,11.6,PF,1.1,2.6,5.3,MIA,0.5589999999999999
837,837,1.8,0.39799999999999996,4.6,0.2,0.256,0.7,1.3,21,0.0,0.9,2.0,0.38,5.3,0.8,0.7859999999999999,1.0,57,0.0,NBA,13.5,0.4,1.5,Marcus Williams ,5.0,SG,0.5,0.9,1.3,UTA,0.396
838,838,3.6,0.456,8.0,0.4,0.32299999999999995,1.2,6.1,22,0.1,2.4,4.0,0.43799999999999994,9.2,1.7,0.85,2.0,80,80.0,NBA,28.2,0.6,2.8,Marcus Williams ,10.2,PG,0.9,2.5,3.1,MIL,0.46
839,839,3.3,0.44299999999999995,7.6,1.3,0.382,3.3,4.0,23,0.1,1.9,4.6,0.424,10.8,1.7,0.85,1.9,58,12.0,NBA,26.4,0.5,2.5,Marcus Williams ,12.1,PG,0.9,1.8,2.5,MIL,0.483
840,840,5.7,0.474,12.1,1.2,0.34600000000000003,3.4,6.1,24,0.1,4.0,6.9,0.446,15.4,2.3,0.855,2.7,68,68.0,NBA,36.4,0.8,3.0,Marcus Williams ,17.3,PG,1.3,3.0,4.8,MIL,0.484
841,841,5.3,0.512,10.4,1.3,0.385,3.5,6.3,25,0.2,2.9,6.7,0.48,13.9,2.5,0.856,2.9,66,66.0,NBA,36.5,0.6,2.8,Marcus Williams ,17.2,PG,1.2,2.8,3.5,MIL,0.528
842,842,4.2,0.486,8.7,2.3,0.436,5.2,4.1,26,0.1,2.9,6.5,0.467,13.9,2.6,0.912,2.8,81,81.0,NBA,35.0,0.6,2.7,Marcus Williams ,17.8,PG,0.9,2.2,3.4,CLE,0.5479999999999999
843,843,3.2,0.452,7.0,2.3,0.429,5.4,5.3,27,0.3,2.6,5.5,0.442,12.4,2.6,0.894,2.9,69,68.0,NBA,34.2,0.4,2.5,Marcus Williams ,15.8,PG,1.0,2.5,3.0,CLE,0.535
844,844,3.7,0.436,8.4,1.4,0.324,4.2,6.6,28,0.2,2.3,5.0,0.39899999999999997,12.6,2.6,0.853,3.1,58,56.0,NBA,30.8,0.4,2.6,Marcus Williams ,14.0,PG,0.9,2.9,2.6,TOT,0.45299999999999996
845,845,3.9,0.436,9.1,1.0,0.265,3.8,7.1,28,0.3,2.3,4.9,0.385,12.8,2.4,0.833,2.8,36,34.0,NBA,29.6,0.4,2.5,Marcus Williams ,13.3,PG,0.9,2.9,2.7,CLE,0.424
846,846,3.2,0.43799999999999994,7.3,2.0,0.39799999999999996,4.9,5.6,28,0.0,2.3,5.1,0.42200000000000004,12.2,3.0,0.88,3.4,22,22.0,NBA,32.9,0.3,2.7,Marcus Williams ,15.2,PG,0.9,3.0,2.5,LAC,0.502
847,847,3.2,0.449,7.2,1.8,0.389,4.6,3.1,29,0.1,1.5,5.0,0.426,11.8,1.4,0.9,1.5,52,1.0,NBA,28.3,0.4,2.0,Marcus Williams ,13.2,SG,1.0,1.7,1.9,LAC,0.502
848,848,3.7,0.449,8.2,1.3,0.38299999999999995,3.3,6.2,30,0.2,1.9,5.0,0.43,11.6,1.6,0.882,1.8,46,46.0,NBA,30.8,0.5,2.3,Marcus Williams ,12.9,PG,1.0,2.7,2.4,UTA,0.485
849,849,2.7,0.441,6.0,1.1,0.369,3.0,4.3,31,0.1,1.5,3.8,0.41700000000000004,9.1,1.1,0.8759999999999999,1.2,74,0.0,NBA,24.8,0.6,2.7,Marcus Williams ,9.7,PG,0.7,2.0,2.1,POR,0.478
850,850,3.3,0.434,7.5,1.8,0.342,5.1,6.2,32,0.2,2.2,5.0,0.397,12.6,2.4,0.872,2.8,68,33.0,NBA,29.1,0.3,2.4,Marcus Williams ,14.2,PG,0.7,2.5,2.6,TOT,0.466
851,851,3.0,0.43700000000000006,6.8,1.4,0.34700000000000003,4.1,6.4,32,0.2,2.1,4.4,0.40299999999999997,10.9,2.0,0.851,2.3,41,19.0,NBA,28.0,0.3,2.5,Marcus Williams ,12.2,PG,0.7,2.5,2.4,MIN,0.469
852,852,3.7,0.43,8.7,2.2,0.337,6.6,6.0,32,0.2,2.5,6.0,0.39,15.3,3.1,0.892,3.4,27,14.0,NBA,30.8,0.3,2.2,Marcus Williams ,17.2,PG,0.6,2.6,2.8,CHO,0.462
853,853,2.3,0.48,4.9,0.9,0.353,2.5,2.4,33,0.1,1.6,3.2,0.43700000000000006,7.4,0.9,0.905,1.0,41,14.0,NBA,18.2,0.1,1.5,Marcus Williams ,8.2,PG,0.3,1.4,1.8,CLE,0.49700000000000005
855,855,0.6,0.615,1.0,0.0,,0.0,0.8,26,0.0,0.7,0.6,0.615,1.0,0.2,0.667,0.2,13,0.0,NBA,6.2,0.2,0.6,James Blackmon Jr ,1.4,PG,0.3,0.4,0.8,TOT,0.615
856,856,0.5,0.667,0.8,0.0,,0.0,1.3,26,0.0,0.8,0.5,0.667,0.8,0.0,,0.0,4,0.0,NBA,4.8,0.0,0.3,James Blackmon Jr ,1.0,PG,0.3,0.5,0.8,CHH,0.667
857,857,0.7,0.6,1.1,0.0,,0.0,0.7,26,0.0,0.7,0.7,0.6,1.1,0.2,0.667,0.3,9,0.0,NBA,6.8,0.2,0.8,James Blackmon Jr ,1.6,PG,0.3,0.3,0.9,BOS,0.6
860,860,2.3,0.48100000000000004,4.7,0.0,0.33299999999999996,0.0,0.8,26,0.8,2.9,2.3,0.48,4.8,0.7,0.565,1.3,82,,NBA,18.8,1.8,2.3,Matt Jones ,5.3,PF,0.6,1.4,4.6,HOU,0.48100000000000004
861,861,1.7,0.466,3.7,0.0,0.0,0.0,0.6,27,0.3,2.0,1.7,0.46399999999999997,3.7,0.9,0.634,1.5,68,,NBA,14.8,1.4,1.6,Matt Jones ,4.4,PF,0.3,0.8,3.4,HOU,0.46399999999999997
862,862,1.9,0.5379999999999999,3.5,0.0,0.0,0.1,0.4,28,0.5,2.0,1.9,0.531,3.6,0.7,0.545,1.3,60,6.0,NBA,12.4,1.3,1.7,Matt Jones ,4.5,PF,0.3,0.8,3.4,HOU,0.531
863,863,2.4,0.46,5.2,0.0,0.0,0.0,0.7,29,0.4,2.5,2.4,0.457,5.2,0.9,0.5489999999999999,1.7,60,4.0,NBA,14.6,1.9,1.7,Matt Jones ,5.7,PF,0.4,1.4,4.4,HOU,0.457
864,864,1.2,0.5379999999999999,2.3,0.0,,0.0,0.5,30,0.2,1.4,1.2,0.5379999999999999,2.3,0.5,0.612,0.9,57,5.0,NBA,8.3,0.6,1.1,Matt Jones ,3.0,PF,0.2,0.5,2.0,HOU,0.5379999999999999
865,865,1.0,0.552,1.9,0.0,,0.0,0.3,31,0.3,1.7,1.0,0.552,1.9,0.7,0.647,1.1,47,0.0,NBA,8.9,1.0,1.2,Matt Jones ,2.7,PF,0.2,0.7,2.7,DET,0.552
868,868,0.4,0.4,0.9,0.3,0.6,0.6,0.2,23,0.0,0.6,0.7,0.475,1.5,0.4,0.667,0.6,27,1.0,NBA,7.0,0.2,0.7,Treveon Graham ,2.1,SG,0.2,0.1,0.8,CHO,0.588
869,869,1.2,0.44799999999999995,2.6,0.5,0.278,1.6,1.5,24,0.0,1.6,1.6,0.38299999999999995,4.3,0.6,0.7,0.9,11,0.0,NBA,18.9,0.8,2.4,Treveon Graham ,4.4,SG,0.7,0.5,2.5,CHO,0.436
871,871,10.1,0.499,20.2,0.0,0.0,0.0,3.2,22,1.8,10.2,10.1,0.498,20.3,3.8,0.67,5.7,77,,ABA,39.9,5.4,4.3,Matt Barnes ,24.0,PF,1.2,4.0,15.6,SSL,0.498
872,872,10.1,0.504,20.1,0.0,0.273,0.2,2.2,23,2.0,6.9,10.2,0.503,20.2,3.7,0.74,5.1,67,,ABA,37.1,3.9,4.1,Matt Barnes ,24.1,PF,1.9,3.4,10.8,SSL,0.504
873,873,3.8,0.447,8.5,,,,0.8,24,0.6,3.5,3.8,0.447,8.5,2.0,0.679,2.9,53,,NBA,18.7,1.3,2.6,Matt Barnes ,9.6,PF,0.7,,4.8,DET,0.447
874,874,4.7,0.42200000000000004,11.0,,,,2.3,25,1.4,5.1,4.7,0.42200000000000004,11.0,2.1,0.703,3.0,60,,NBA,27.4,2.3,4.0,Matt Barnes ,11.4,PF,1.1,2.3,7.3,TOT,0.42200000000000004
875,875,4.4,0.449,9.8,,,,1.6,25,0.9,5.3,4.4,0.449,9.8,1.2,0.483,2.4,12,,NBA,22.4,2.3,3.6,Matt Barnes ,10.0,PF,0.6,2.4,7.6,DET,0.449
876,876,4.7,0.41600000000000004,11.3,,,,2.4,25,1.5,5.0,4.7,0.41600000000000004,11.3,2.4,0.745,3.2,48,,NBA,28.7,2.2,4.1,Matt Barnes ,11.8,PF,1.2,2.2,7.3,BUF,0.41600000000000004
877,877,3.5,0.491,7.1,,,,1.4,26,1.0,3.2,3.5,0.491,7.1,1.1,0.652,1.7,38,,NBA,20.9,1.5,3.8,Matt Barnes ,8.1,PF,1.0,1.8,4.7,BOS,0.491
878,878,1.2,0.4,3.0,0.0,,0.0,0.9,27,0.6,2.2,1.2,0.4,3.0,0.8,0.5,1.6,20,,NBA,14.4,1.7,2.6,Matt Barnes ,3.2,PF,0.3,0.9,3.9,SDC,0.4
879,879,2.3,0.45799999999999996,5.1,0.7,0.313,2.3,3.4,26,0.2,1.9,3.1,0.41200000000000003,7.4,0.8,0.716,1.1,75,25.0,NBA,24.4,0.2,1.7,Norris Cole ,7.6,PG,0.8,1.3,2.1,TOT,0.461
880,880,1.9,0.446,4.3,0.6,0.265,2.2,3.5,26,0.2,2.0,2.5,0.386,6.5,0.7,0.696,1.0,47,23.0,NBA,24.4,0.3,1.6,Norris Cole ,6.3,PG,0.9,1.2,2.3,MIA,0.43
881,881,3.0,0.47200000000000003,6.4,1.0,0.37799999999999995,2.6,3.2,26,0.3,1.8,4.0,0.444,9.0,0.9,0.743,1.3,28,2.0,NBA,24.4,0.0,1.8,Norris Cole ,9.9,PG,0.5,1.5,1.8,NOP,0.5
883,883,2.0,0.42200000000000004,4.7,1.5,0.386,3.8,3.7,23,0.2,2.0,3.5,0.406,8.6,1.6,0.831,1.9,46,29.0,NBA,26.0,0.4,2.0,Yogi Ferrell ,10.0,PG,0.9,1.5,2.4,TOT,0.49200000000000005
884,884,1.0,0.455,2.2,0.8,0.29600000000000004,2.7,1.7,23,0.2,0.8,1.8,0.36700000000000005,4.9,1.0,0.625,1.6,10,0.0,NBA,15.1,0.4,1.1,Yogi Ferrell ,5.4,PG,0.2,1.4,1.2,BRK,0.449
885,885,2.3,0.418,5.4,1.7,0.40299999999999997,4.1,4.3,23,0.2,2.3,3.9,0.41200000000000003,9.6,1.8,0.877,2.0,36,29.0,NBA,29.1,0.4,2.2,Yogi Ferrell ,11.3,PG,1.1,1.6,2.8,DAL,0.499
886,886,0.8,0.316,2.4,1.0,0.40299999999999997,2.6,1.8,22,0.0,1.6,1.8,0.361,5.0,0.6,0.8240000000000001,0.7,24,0.0,NBA,14.3,0.3,1.0,Dahntay Jones ,5.2,PG,0.5,0.7,1.8,TOT,0.466
887,887,0.4,0.267,1.4,0.9,0.345,2.6,1.2,22,0.0,1.0,1.3,0.318,4.0,1.0,0.846,1.2,11,0.0,NBA,11.9,0.2,0.6,Dahntay Jones ,4.5,PG,0.6,0.5,1.2,NJN,0.43200000000000005
888,888,1.1,0.33299999999999996,3.2,1.2,0.455,2.5,2.2,22,0.0,2.1,2.2,0.387,5.8,0.2,0.75,0.3,13,0.0,NBA,16.4,0.3,1.2,Dahntay Jones ,5.8,PG,0.5,0.9,2.4,BOS,0.48700000000000004
889,889,0.7,0.415,1.7,0.7,0.36,2.1,1.7,23,0.0,0.8,1.5,0.385,3.8,0.6,0.667,0.9,55,1.0,NBA,11.1,0.2,0.6,Dahntay Jones ,4.2,PG,0.3,0.7,1.0,TOT,0.483
890,890,1.1,0.452,2.4,0.8,0.478,1.8,3.0,23,0.0,1.2,1.9,0.46299999999999997,4.2,0.5,0.778,0.7,13,1.0,NBA,15.1,0.0,1.0,Dahntay Jones ,5.2,PG,0.5,1.2,1.2,GSW,0.565
891,891,0.6,0.397,1.5,0.7,0.33,2.2,1.4,23,0.0,0.6,1.3,0.35700000000000004,3.7,0.6,0.6409999999999999,0.9,42,0.0,NBA,9.9,0.3,0.5,Dahntay Jones ,3.9,PG,0.3,0.6,0.9,DAL,0.455
892,892,1.2,0.465,2.6,1.2,0.364,3.3,3.2,24,0.0,1.5,2.4,0.409,5.9,0.5,0.7120000000000001,0.7,71,10.0,NBA,19.9,0.2,0.8,Dahntay Jones ,6.5,PG,0.5,1.1,1.7,VAN,0.51
893,893,0.7,0.45899999999999996,1.5,1.0,0.371,2.8,2.1,25,0.0,1.3,1.7,0.401,4.2,0.6,0.7290000000000001,0.9,67,0.0,NBA,16.2,0.2,1.2,Dahntay Jones ,5.1,PG,0.3,0.9,1.5,DET,0.523
894,894,0.7,0.40399999999999997,1.8,0.9,0.364,2.5,1.6,26,0.1,1.2,1.6,0.381,4.3,0.4,0.741,0.6,49,1.0,NBA,14.5,0.2,0.9,Dahntay Jones ,4.6,PG,0.4,0.5,1.4,SAC,0.486
895,895,1.4,0.446,3.1,1.2,0.359,3.3,5.8,27,0.0,1.9,2.6,0.401,6.4,0.7,0.764,0.9,82,26.0,NBA,24.6,0.2,1.1,Dahntay Jones ,7.0,PG,0.4,1.3,2.1,MIL,0.494
896,896,1.3,0.517,2.5,2.7,0.43200000000000005,6.4,4.3,28,0.1,2.6,4.0,0.456,8.9,0.8,0.7909999999999999,1.0,82,66.0,NBA,31.4,0.2,1.5,Dahntay Jones ,11.6,PG,0.5,1.2,2.8,MIA,0.611
897,897,0.6,0.41700000000000004,1.5,1.7,0.377,4.5,2.1,29,0.0,1.5,2.3,0.387,6.0,0.4,0.64,0.6,82,7.0,NBA,25.5,0.2,1.4,Dahntay Jones ,6.7,PG,0.5,0.7,1.6,CLE,0.53
898,898,0.8,0.387,2.1,1.5,0.385,3.9,1.6,30,0.0,1.0,2.3,0.386,5.9,0.5,0.682,0.7,60,0.0,NBA,19.6,0.2,0.9,Dahntay Jones ,6.6,PG,0.3,0.6,1.1,CLE,0.511
899,899,0.5,0.414,1.3,1.7,0.41700000000000004,4.1,1.9,31,0.0,1.0,2.3,0.41600000000000004,5.4,0.3,0.7140000000000001,0.4,67,3.0,NBA,19.9,0.1,1.0,Dahntay Jones ,6.5,SG,0.3,0.5,1.1,CLE,0.574
900,900,0.0,0.0,0.3,0.6,0.39299999999999996,1.6,0.4,32,0.0,0.3,0.6,0.324,1.9,0.0,,0.0,18,0.0,NBA,6.0,0.0,0.2,Dahntay Jones ,1.8,PG,0.2,0.3,0.3,MIL,0.485
