PLAYER,POS,TEAM,AGE,YRS,DOLLARS,GUARANTEED,% GTD,AVG. SALARY,FREE AGENT
Russell Westbrook (2018-2022),PG,OKC,28,5,"$205,030,000.00","$205,030,000.00",100.00%,"$41,006,000.00",2023
Stephen Curry (2017-2021),PG,GSW,29,5,"$201,158,790.00","$201,158,790.00",100.00%,"$40,231,758.00",2022
Blake Griffin (2017-2021),PF,LAC,28,5,"$171,174,820.00","$171,174,820.00",100.00%,"$34,234,964.00",2022
James Harden (2019-2022),SG,HOU,28,4,"$169,344,000.00","$169,344,000.00",100.00%,"$42,336,000.00",2023
John Wall (2019-2022),PG,WAS,27,4,"$169,344,000.00","$169,344,000.00",100.00%,"$42,336,000.00",2023
Mike Conley (2016-2020),PG,MEM,29,5,"$152,605,576.00","$140,529,829.00",92.09%,"$30,521,115.00",2021
Damian Lillard (2016-2020),PG,POR,27,5,"$139,888,445.00","$139,888,445.00",100.00%,"$27,977,689.00",2021
DeMar DeRozan (2016-2020),SG,TOR,28,5,"$139,000,000.00","$137,500,000.00",98.92%,"$27,800,000.00",2021
Jrue Holiday (2017-2021),PG,NOP,27,5,"$131,805,000.00","$128,130,000.00",97.21%,"$26,361,000.00",2022
Gordon Hayward (2017-2020),SF,BOS,27,4,"$127,829,970.00","$127,829,970.00",100.00%,"$31,957,493.00",2021
Anthony Davis (2016-2020),PF,NOP,24,5,"$127,171,313.00","$127,171,313.00",100.00%,"$25,434,263.00",2021
Bradley Beal (2016-2020),SG,WAS,24,5,"$127,171,313.00","$127,171,313.00",100.00%,"$25,434,263.00",2021
Andre Drummond (2016-2020),C,DET,24,5,"$127,171,313.00","$127,171,313.00",100.00%,"$25,434,263.00",2021
Carmelo Anthony (2014-2018),SF,OKCSigned w/NYK,33,5,"$124,064,681.00","$124,064,681.00",100.00%,"$24,812,936.00",2019
Nicolas Batum (2016-2020),SG,CHA,28,5,"$120,000,000.00","$120,000,000.00",100.00%,"$24,000,000.00",2021
James Harden (2016-2019),SG,HOU,28,4,"$117,964,846.00","$117,964,846.00",100.00%,"$29,491,212.00",2020
Al Horford (2016-2019),C,BOS,31,4,"$113,326,228.00","$113,326,228.00",100.00%,"$28,331,557.00",2020
Marc Gasol (2015-2019),C,MEM,32,5,"$113,211,750.00","$113,211,750.00",100.00%,"$22,642,350.00",2020
Kevin Love (2015-2019),PF,CLE,29,5,"$113,211,750.00","$113,211,750.00",100.00%,"$22,642,350.00",2020
Chris Paul (2013-2017),PG,HOUSigned w/LAC,32,5,"$107,343,477.00","$107,343,477.00",100.00%,"$21,468,695.00",2018
C.J. McCollum (2017-2020),SG,POR,26,4,"$106,633,449.00","$106,633,449.00",100.00%,"$26,658,362.00",2021
Otto Porter Jr. (2017-2020),SF,WAS,24,4,"$106,524,975.00","$106,524,975.00",100.00%,"$26,631,244.00",2021
Rudy Gobert (2017-2020),C,UTH,25,4,"$102,000,000.00","$94,000,000.00",92.16%,"$25,500,000.00",2021
Kyle Lowry (2017-2019),PG,TOR,31,3,"$100,000,000.00","$93,000,000.00",93.00%,"$33,333,333.00",2020
Steven Adams (2017-2020),C,OKC,24,4,"$100,000,000.00","$100,000,000.00",100.00%,"$25,000,000.00",2021
Giannis Antetokounmpo (2017-2020),SF,MIL,22,4,"$100,000,000.00","$100,000,000.00",100.00%,"$25,000,000.00",2021
LeBron James (2016-2018),SF,CLE,32,3,"$99,857,127.00","$99,857,127.00",100.00%,"$33,285,709.00",2019
Hassan Whiteside (2016-2019),C,MIA,28,4,"$98,419,538.00","$98,419,538.00",100.00%,"$24,604,885.00",2020
Harrison Barnes (2016-2019),SF,DAL,25,4,"$94,438,525.00","$94,438,525.00",100.00%,"$23,609,631.00",2020
Chandler Parsons (2016-2019),SF,MEM,28,4,"$94,438,523.00","$94,438,523.00",100.00%,"$23,609,631.00",2020
Kyrie Irving (2015-2019),PG,BOSSigned w/CLE,25,5,"$94,343,126.00","$94,343,126.00",100.00%,"$18,868,625.00",2020
Kawhi Leonard (2015-2019),SF,SAS,26,5,"$94,343,126.00","$94,343,126.00",100.00%,"$18,868,625.00",2020
Jimmy Butler (2015-2019),SG,MINSigned w/CHI,28,5,"$92,339,878.00","$92,339,878.00",100.00%,"$18,467,976.00",2020
Paul George (2014-2018),SF,OKCSigned w/IND,27,5,"$91,572,660.00","$91,572,660.00",100.00%,"$18,314,532.00",2019
DeAndre Jordan (2015-2018),C,LAC,29,4,"$87,616,050.00","$87,616,050.00",100.00%,"$21,904,013.00",2019
Russell Westbrook (2016-2018),PG,OKC,28,3,"$85,591,823.00","$85,591,823.00",100.00%,"$28,530,608.00",2019
Goran Dragic (2015-2019),PG,MIA,31,5,"$85,002,250.00","$85,002,250.00",100.00%,"$17,000,450.00",2020
Evan Fournier (2016-2020),SG,ORL,24,5,"$85,000,000.00","$85,000,000.00",100.00%,"$17,000,000.00",2021
Victor Oladipo (2017-2020),SG,INDSigned w/OKC,25,4,"$85,000,000.00","$84,000,000.00",98.82%,"$21,250,000.00",2021
John Wall (2014-2018),PG,WAS,27,5,"$84,789,500.00","$84,789,500.00",100.00%,"$16,957,900.00",2019
LaMarcus Aldridge (2015-2018),PF,SAS,32,4,"$84,072,030.00","$84,072,030.00",100.00%,"$21,018,008.00",2019
Tristan Thompson (2015-2019),C,CLE,26,5,"$82,000,000.00","$82,000,000.00",100.00%,"$16,400,000.00",2020
Draymond Green (2015-2019),PF,GSW,27,5,"$82,000,000.00","$82,000,000.00",100.00%,"$16,400,000.00",2020
Ryan Anderson (2016-2019),PF,HOU,29,4,"$80,000,000.00","$80,000,000.00",100.00%,"$20,000,000.00",2020
Reggie Jackson (2015-2019),PG,DET,27,5,"$80,000,000.00","$80,000,000.00",100.00%,"$16,000,000.00",2020
Allen Crabbe (2016-2019),SF,BKNSigned w/POR,25,4,"$74,832,500.00","$74,832,500.00",100.00%,"$18,708,125.00",2020
Joakim Noah (2016-2019),C,NYK,32,4,"$72,590,000.00","$72,590,000.00",100.00%,"$18,147,500.00",2020
Luol Deng (2016-2019),SF,LAL,32,4,"$72,000,000.00","$72,000,000.00",100.00%,"$18,000,000.00",2020
Bismack Biyombo (2016-2019),PF,ORL,25,4,"$72,000,000.00","$68,000,000.00",94.44%,"$18,000,000.00",2020
Tim Hardaway Jr. (2017-2020),SG,NYK,25,4,"$70,950,000.00","$70,950,000.00",100.00%,"$17,737,500.00",2021
Dwight Howard (2016-2018),C,CHASigned w/ATL,31,3,"$70,500,000.00","$70,500,000.00",100.00%,"$23,500,000.00",2019
Wesley Matthews (2015-2018),SG,DAL,30,4,"$70,060,026.00","$70,060,026.00",100.00%,"$17,515,007.00",2019
Enes Kanter (2015-2018),PF,NYKSigned w/OKC,25,4,"$70,060,026.00","$70,060,026.00",100.00%,"$17,515,007.00",2019
Evan Turner (2016-2019),SF,POR,28,4,"$70,000,000.00","$70,000,000.00",100.00%,"$17,500,000.00",2020
Eric Bledsoe (2014-2018),PG,PHX,27,5,"$70,000,000.00","$70,000,000.00",100.00%,"$14,000,000.00",2019
Brandon Knight (2015-2019),PG,PHX,25,5,"$70,000,000.00","$70,000,000.00",100.00%,"$14,000,000.00",2020
Khris Middleton (2015-2019),SF,MIL,26,5,"$70,000,000.00","$70,000,000.00",100.00%,"$14,000,000.00",2020
Kent Bazemore (2016-2019),SF,ATL,28,4,"$70,000,000.00","$70,000,000.00",100.00%,"$17,500,000.00",2020
Dennis Schröder (2017-2020),PG,ATL,24,4,"$70,000,000.00","$62,000,000.00",88.57%,"$17,500,000.00",2021
Klay Thompson (2015-2018),SG,GSW,27,4,"$68,979,450.00","$68,979,450.00",100.00%,"$17,244,863.00",2019
DeMarcus Cousins (2014-2017),C,NOPSigned w/SAC,27,4,"$65,619,700.00","$65,619,700.00",100.00%,"$16,404,925.00",2018
Serge Ibaka (2017-2019),PF,TOR,28,3,"$65,000,000.00","$65,000,000.00",100.00%,"$21,666,667.00",2020
Danilo Gallinari (2017-2019),SF,LACSigned w/DEN,29,3,"$64,762,737.00","$64,762,737.00",100.00%,"$21,587,579.00",2020
Ian Mahinmi (2016-2019),C,WAS,30,4,"$64,000,000.00","$64,000,000.00",100.00%,"$16,000,000.00",2020
Timofey Mozgov (2016-2019),C,BKNSigned w/LAL,31,4,"$64,000,000.00","$64,000,000.00",100.00%,"$16,000,000.00",2020
Jonas Valanciunas (2016-2019),C,TOR,25,4,"$64,000,000.00","$64,000,000.00",100.00%,"$16,000,000.00",2020
Tobias Harris (2015-2018),PF,DETSigned w/ORL,25,4,"$64,000,000.00","$64,000,000.00",100.00%,"$16,000,000.00",2019
Brook Lopez (2015-2017),C,LALSigned w/BKN,29,3,"$63,497,025.00","$63,497,025.00",100.00%,"$21,165,675.00",2018
Gorgui Dieng (2017-2020),PF,MIN,27,4,"$62,800,000.00","$62,800,000.00",100.00%,"$15,700,000.00",2021
Paul Millsap (2017-2018),PF,DEN,32,2,"$61,000,000.00","$60,000,000.00",98.36%,"$30,500,000.00",2020
Marcin Gortat (2014-2018),C,WAS,33,5,"$60,000,000.00","$60,000,000.00",100.00%,"$12,000,000.00",2019
DeMarre Carroll (2015-2018),SF,BKNSigned w/TOR,31,4,"$58,000,000.00","$58,000,000.00",100.00%,"$14,500,000.00",2019
Omer Asik (2015-2019),C,NOP,31,5,"$57,977,525.00","$43,999,998.00",75.89%,"$11,595,505.00",2020
J.R. Smith (2016-2019),SG,CLE,32,4,"$57,000,000.00","$45,150,000.00",79.21%,"$14,250,000.00",2020
George Hill (2017-2019),PG,SAC,31,3,"$57,000,000.00","$40,000,000.00",70.18%,"$19,000,000.00",2020
Jeff Teague (2017-2019),PG,MIN,29,3,"$57,000,000.00","$57,000,000.00",100.00%,"$19,000,000.00",2020
Cody Zeller (2017-2020),PF,CHA,24,4,"$56,000,000.00","$56,000,000.00",100.00%,"$14,000,000.00",2021
Ricky Rubio (2015-2018),PG,UTHSigned w/MIN,26,4,"$55,000,000.00","$55,000,000.00",100.00%,"$13,750,000.00",2019
Marvin Williams (2016-2019),PF,CHA,31,4,"$54,512,500.00","$54,512,500.00",100.00%,"$13,628,125.00",2020
Robin Lopez (2015-2018),C,CHISigned w/NYK,29,4,"$54,015,500.00","$54,015,500.00",100.00%,"$13,503,875.00",2019
Thaddeus Young (2015-2018),PF,INDSigned w/BKN,29,4,"$54,000,000.00","$50,000,000.00",92.59%,"$13,500,000.00",2019
Nikola Vucevic (2015-2018),C,ORL,26,4,"$53,000,000.00","$48,000,000.00",90.57%,"$13,250,000.00",2019
Eric Gordon (2016-2019),SG,HOU,28,4,"$52,886,489.00","$52,886,489.00",100.00%,"$13,221,622.00",2020
Tyson Chandler (2015-2018),C,PHX,34,4,"$52,000,000.00","$52,000,000.00",100.00%,"$13,000,000.00",2019
Michael Kidd-Gilchrist (2016-2019),SF,CHA,24,4,"$52,000,000.00","$52,000,000.00",100.00%,"$13,000,000.00",2020
Dion Waiters (2017-2020),SG,MIA,25,4,"$52,000,000.00","$47,300,000.00",90.96%,"$13,000,000.00",2021
Joe Ingles (2017-2020),SF,UTH,29,4,"$52,000,000.00","$50,000,000.00",96.15%,"$13,000,000.00",2021
Greg Monroe (2015-2017),C,MIL,27,3,"$51,437,513.00","$51,437,513.00",100.00%,"$17,145,838.00",2018
Kevin Durant (2017-2018),SF,GSW,29,2,"$51,250,000.00","$51,250,000.00",100.00%,"$25,625,000.00",2019
T.J. Warren (2018-2021),SF,PHX,24,4,"$50,000,000.00","$50,000,000.00",100.00%,"$12,500,000.00",2022
Kenneth Faried (2015-2018),PF,DEN,27,4,"$50,000,000.00","$50,000,000.00",100.00%,"$12,500,000.00",2019
Miles Plumlee (2016-2019),C,ATLSigned w/MIL,29,4,"$50,000,000.00","$50,000,000.00",100.00%,"$12,500,000.00",2020
Kelly Olynyk (2017-2020),C,MIA,26,4,"$50,000,000.00","$45,610,826.00",91.22%,"$12,500,000.00",2021
Jordan Clarkson (2016-2019),SG,LAL,25,4,"$50,000,000.00","$50,000,000.00",100.00%,"$12,500,000.00",2020
Tyler Johnson (2016-2019),SG,MIA,24,4,"$50,000,000.00","$50,000,000.00",100.00%,"$12,500,000.00",2020
Patrick Mills (2017-2020),PG,SAS,29,4,"$49,714,285.00","$49,714,285.00",100.00%,"$12,428,571.00",2021
Courtney Lee (2016-2019),SG,NYK,31,4,"$48,003,340.00","$48,003,340.00",100.00%,"$12,000,835.00",2020
Pau Gasol (2017-2019),PF,SAS,37,3,"$48,000,000.00","$39,500,000.00",82.29%,"$16,000,000.00",2020
Andre Iguodala (2017-2019),SG,GSW,33,3,"$48,000,000.00","$48,000,000.00",100.00%,"$16,000,000.00",2020
Kemba Walker (2015-2018),PG,CHA,27,4,"$48,000,000.00","$48,000,000.00",100.00%,"$12,000,000.00",2019
John Henson (2016-2019),PF,MIL,26,4,"$48,000,000.00","$44,000,000.00",91.67%,"$12,000,000.00",2020
Solomon Hill (2016-2019),SF,NOP,26,4,"$48,000,000.00","$48,000,000.00",100.00%,"$12,000,000.00",2020
Derrick Favors (2014-2017),PF,UTH,26,4,"$46,950,000.00","$46,950,000.00",100.00%,"$11,737,500.00",2018
Wilson Chandler (2015-2018),SF,DEN,30,4,"$46,500,000.00","$46,500,000.00",100.00%,"$11,625,000.00",2019
Tony Snell (2017-2020),SF,MIL,25,4,"$46,000,000.00","$44,000,000.00",95.65%,"$11,500,000.00",2021
Tony Parker (2015-2017),PG,SAS,35,3,"$43,335,939.00","$43,335,939.00",100.00%,"$14,445,313.00",2018
James Johnson (2017-2019),PF,MIA,30,3,"$43,295,100.00","$43,295,100.00",100.00%,"$14,431,700.00",2021
Maurice Harkless (2016-2019),PF,POR,24,4,"$42,000,000.00","$40,000,000.00",95.24%,"$10,500,000.00",2020
Josh Richardson (2018-2021),SG,MIA,24,4,"$42,000,000.00","$42,000,000.00",100.00%,"$10,500,000.00",2022
Alec Burks (2015-2018),PG,UTH,26,4,"$42,000,000.00","$41,000,000.00",97.62%,"$10,500,000.00",2019
Jon Leuer (2016-2019),PF,DET,28,4,"$42,000,000.00","$42,000,000.00",100.00%,"$10,500,000.00",2020
Meyers Leonard (2016-2019),C,POR,25,4,"$41,000,000.00","$41,000,000.00",100.00%,"$10,250,000.00",2020
Mason Plumlee (2017-2019),C,DEN,27,3,"$41,000,000.00","$41,000,000.00",100.00%,"$13,666,667.00",2020
Danny Green (2015-2018),SG,SAS,30,4,"$40,000,000.00","$40,000,000.00",100.00%,"$10,000,000.00",2019
Iman Shumpert (2015-2018),SG,CLE,27,4,"$40,000,000.00","$40,000,000.00",100.00%,"$10,000,000.00",2019
Matthew Dellavedova (2016-2019),PG,MIL,27,4,"$38,430,000.00","$38,430,000.00",100.00%,"$9,607,500.00",2020
Jeremy Lin (2016-2018),PG,BKN,29,3,"$38,300,000.00","$38,300,000.00",100.00%,"$12,766,667.00",2019
Dwight Powell (2016-2019),PF,DAL,26,4,"$37,268,750.00","$37,268,750.00",100.00%,"$9,317,188.00",2020
Austin Rivers (2016-2018),SG,LAC,27,3,"$35,475,000.00","$35,475,000.00",100.00%,"$11,825,000.00",2019
Jae Crowder (2015-2019),SF,CLESigned w/BOS,27,5,"$35,000,000.00","$35,000,000.00",100.00%,"$7,000,000.00",2020
E'Twaun Moore (2016-2019),SG,NOP,28,4,"$34,000,000.00","$34,000,000.00",100.00%,"$8,500,000.00",2020
Kosta Koufos (2015-2018),C,SAC,28,4,"$32,879,000.00","$32,879,000.00",100.00%,"$8,219,750.00",2019
Trevor Ariza (2014-2017),SF,HOUSigned w/WAS,32,4,"$32,000,002.00","$32,000,002.00",100.00%,"$8,000,001.00",2018
Channing Frye (2014-2017),PF,CLESigned w/ORL,34,4,"$32,000,000.00","$32,000,000.00",100.00%,"$8,000,000.00",2018
Avery Bradley (2014-2017),SG,DETSigned w/BOS,26,4,"$32,000,000.00","$32,000,000.00",100.00%,"$8,000,000.00",2018
Markieff Morris (2015-2018),PF,WASSigned w/PHX,28,4,"$32,000,000.00","$32,000,000.00",100.00%,"$8,000,000.00",2019
Cristiano Felicio (2017-2020),PF,CHI,25,4,"$32,000,000.00","$32,000,000.00",100.00%,"$8,000,000.00",2021
P.J. Tucker (2017-2020),SF,HOU,32,4,"$31,878,148.00","$26,477,799.00",83.06%,"$7,969,537.00",2021
Terrence Ross (2016-2018),SF,ORLSigned w/TOR,26,3,"$31,500,000.00","$31,500,000.00",100.00%,"$10,500,000.00",2019
Mirza Teletovic (2016-2018),PF,MIL,32,3,"$31,500,000.00","$31,500,000.00",100.00%,"$10,500,000.00",2019
Jared Dudley (2016-2018),PF,PHX,32,3,"$30,000,000.00","$30,000,000.00",100.00%,"$10,000,000.00",2019
Al Jefferson (2016-2018),C,IND,32,3,"$30,000,000.00","$24,000,000.00",80.00%,"$10,000,000.00",2019
Al-Farouq Aminu (2015-2018),SF,POR,27,4,"$30,000,000.00","$30,000,000.00",100.00%,"$7,500,000.00",2019
Andre Roberson (2017-2019),SG,OKC,25,3,"$30,000,000.00","$30,000,000.00",100.00%,"$10,000,000.00",2020
Cory Joseph (2015-2018),PG,INDSigned w/TOR,26,4,"$29,890,000.00","$29,890,000.00",100.00%,"$7,472,500.00",2019
D.J. Augustin (2016-2019),PG,ORL,29,4,"$29,000,000.00","$29,000,000.00",100.00%,"$7,250,000.00",2020
Taj Gibson (2017-2018),PF,MIN,32,2,"$28,000,000.00","$28,000,000.00",100.00%,"$14,000,000.00",2019
Lance Thomas (2016-2019),SF,NYK,29,4,"$27,549,950.00","$27,549,950.00",100.00%,"$6,887,488.00",2020
Isaiah Thomas (2014-2017),PG,CLESigned w/SAC,28,4,"$27,000,002.00","$27,000,002.00",100.00%,"$6,750,001.00",2018
Nikola Mirotic (2017-2017),PF,CHI,26,2,"$27,000,000.00","$12,980,769.00",48.08%,"$13,500,000.00",2019
Jerryd Bayless (2016-2018),PG,PHI,29,3,"$27,000,000.00","$27,000,000.00",100.00%,"$9,000,000.00",2019
Bogdan Bogdanovic (2017-2019),SG,SAC,25,3,"$27,000,000.00","$27,000,000.00",100.00%,"$9,000,000.00",2020
C.J. Miles (2017-2019),SG,TORSigned w/IND,30,3,"$25,000,000.00","$25,000,000.00",100.00%,"$8,333,333.00",2020
Andrew Wiggins (2014-2017),SF,MINSigned w/CLE,22,4,"$24,850,243.00","$24,850,243.00",100.00%,"$6,212,561.00",2018
Zach Randolph (2017-2018),PF,SAC,36,2,"$24,000,000.00","$24,000,000.00",100.00%,"$12,000,000.00",2019
Garrett Temple (2016-2018),SG,SAC,31,3,"$24,000,000.00","$24,000,000.00",100.00%,"$8,000,000.00",2019
Shaun Livingston (2017-2019),PG,GSW,32,3,"$23,692,308.00","$18,000,000.00",75.97%,"$7,897,436.00",2020
Corey Brewer (2015-2017),SG,LALSigned w/HOU,31,3,"$23,420,913.00","$23,420,913.00",100.00%,"$7,806,971.00",2018
Patrick Beverley (2015-2018),PG,LACSigned w/HOU,29,4,"$23,027,026.00","$17,999,999.00",78.17%,"$5,756,757.00",2019
J.J. Redick (2017-2017),SG,PHI,33,1,"$23,000,000.00","$23,000,000.00",100.00%,"$23,000,000.00",2018
Darrell Arthur (2016-2018),PF,DEN,29,3,"$23,000,000.00","$23,000,000.00",100.00%,"$7,666,667.00",2019
Josh McRoberts (2014-2017),PF,DALSigned w/MIA,30,4,"$22,652,350.00","$22,652,350.00",100.00%,"$5,663,088.00",2018
Jabari Parker (2014-2016),PF,MIL,22,3,"$22,239,712.00","$22,239,712.00",100.00%,"$7,413,237.00",2018
Kyle Korver (2017-2019),SG,CLE,36,3,"$22,060,000.00","$18,000,000.00",81.60%,"$7,353,333.00",2020
Cole Aldrich (2016-2018),C,MIN,28,3,"$21,900,000.00","$21,900,000.00",100.00%,"$7,300,000.00",2019
Joe Johnson (2016-2017),SF,UTH,36,2,"$21,505,000.00","$21,505,000.00",100.00%,"$10,752,500.00",2018
Louis Williams (2015-2017),SG,LACSigned w/LAL,30,3,"$21,000,000.00","$21,000,000.00",100.00%,"$7,000,000.00",2018
Bojan Bogdanovic (2017-2018),SF,IND,28,2,"$21,000,000.00","$12,000,000.00",57.14%,"$10,500,000.00",2019
Jeremy Lamb (2016-2018),SG,CHA,25,3,"$21,000,000.00","$21,000,000.00",100.00%,"$7,000,000.00",2019
Langston Galloway (2017-2019),PG,DET,25,3,"$21,000,000.00","$21,000,000.00",100.00%,"$7,000,000.00",2020
Boban Marjanovic (2016-2018),C,DET,29,3,"$21,000,000.00","$21,000,000.00",100.00%,"$7,000,000.00",2019
Alexis Ajinca (2015-2018),C,NOP,29,4,"$20,200,000.00","$19,200,000.00",95.05%,"$5,050,000.00",2019
Darren Collison (2017-2018),PG,IND,30,2,"$20,000,000.00",-,-,"$10,000,000.00",2019
Ed Davis (2015-2017),PF,POR,28,3,"$20,000,000.00","$20,000,000.00",100.00%,"$6,666,667.00",2018
Marcus Morris (2015-2018),PF,BOSSigned w/PHX,28,4,"$20,000,000.00","$20,000,000.00",100.00%,"$5,000,000.00",2019
Jonathon Simmons (2017-2019),SG,ORL,28,3,"$20,000,000.00","$13,300,000.00",66.50%,"$6,666,667.00",2020
Joel Embiid (2014-2017),C,PHI,23,4,"$19,981,026.00","$19,981,026.00",100.00%,"$4,995,257.00",2018
Marco Belinelli (2015-2017),SF,ATLSigned w/SAC,31,3,"$19,000,000.00","$19,000,000.00",100.00%,"$6,333,333.00",2018
Kyle Singler (2015-2018),SF,OKC,29,4,"$19,000,000.00","$19,000,000.00",100.00%,"$4,750,000.00",2020
Kristaps Porzingis (2015-2018),PF,NYK,22,4,"$18,650,094.00","$18,650,094.00",100.00%,"$4,662,524.00",2019
Trevor Booker (2016-2017),PF,BKN,29,2,"$18,375,000.00","$18,375,000.00",100.00%,"$9,187,500.00",2018
Aaron Gordon (2014-2017),SF,ORL,22,4,"$18,019,460.00","$18,019,460.00",100.00%,"$4,504,865.00",2018
Ishmael Smith (2016-2018),PG,DET,29,3,"$18,000,000.00","$18,000,000.00",100.00%,"$6,000,000.00",2019
Karl-Anthony Towns (2015-2017),C,MIN,21,3,"$17,880,600.00","$17,880,600.00",100.00%,"$5,960,200.00",2019
Kentavious Caldwell-Pope (2017-2017),SG,LAL,24,1,"$17,745,894.00","$17,745,894.00",100.00%,"$17,745,894.00",2018
Wesley Johnson (2016-2018),SG,LAC,30,3,"$17,643,780.00","$17,643,780.00",100.00%,"$5,881,260.00",2019
Rudy Gay (2017-2018),SF,SAS,31,2,"$17,232,300.00","$17,232,300.00",100.00%,"$8,616,150.00",2019
Alex Abrines (2016-2018),SG,OKC,24,3,"$17,175,000.00","$17,175,000.00",100.00%,"$5,725,000.00",2019
Brandan Wright (2015-2017),PF,MEM,29,3,"$17,129,640.00","$17,129,640.00",100.00%,"$5,709,880.00",2018
Alan Williams (2017-2019),PF,PHX,24,3,"$17,000,000.00","$6,000,000.00",35.29%,"$5,666,667.00",2020
JaMychal Green (2017-2018),PF,MEM,27,2,"$17,000,000.00","$17,000,000.00",100.00%,"$8,500,000.00",2019
Devin Harris (2014-2017),PG,DAL,34,4,"$16,562,884.00","$13,500,000.00",81.51%,"$4,140,721.00",2018
Patrick Patterson (2017-2019),PF,OKC,28,3,"$16,354,800.00","$16,354,800.00",100.00%,"$5,451,600.00",2020
Dante Exum (2014-2017),SG,UTH,22,4,"$16,325,425.00","$16,325,425.00",100.00%,"$4,081,356.00",2018
Kyle O'Quinn (2015-2018),C,NYKSigned w/ORL,27,4,"$16,012,500.00","$16,012,500.00",100.00%,"$4,003,125.00",2019
Jose Barea (2015-2018),PG,DAL,33,4,"$16,001,700.00","$16,001,700.00",100.00%,"$4,000,425.00",2019
D'Angelo Russell (2015-2017),PG,BKNSigned w/LAL,21,3,"$15,998,280.00","$15,998,280.00",100.00%,"$5,332,760.00",2019
Jason Smith (2016-2018),PF,WAS,31,3,"$15,675,000.00","$15,675,000.00",100.00%,"$5,225,000.00",2019
Markelle Fultz (2017-2018),PG,PHI,19,2,"$15,366,120.00","$15,366,120.00",100.00%,"$7,683,060.00",2021
Marcus Smart (2014-2017),PG,BOS,23,4,"$14,831,260.00","$14,831,260.00",100.00%,"$3,707,815.00",2018
Jahlil Okafor (2015-2017),C,PHI,21,3,"$14,366,640.00","$14,366,640.00",100.00%,"$4,788,880.00",2019
Nerlens Noel (2013-2016),C,DALSigned w/PHI,23,4,"$14,329,730.00","$14,329,730.00",100.00%,"$3,582,433.00",2017
Dewayne Dedmon (2017-2018),C,ATL,28,2,"$14,100,000.00","$12,300,000.00",87.23%,"$7,050,000.00",2019
Quincy Pondexter (2014-2017),SF,CHISigned w/MEM,29,4,"$14,000,000.00","$14,000,000.00",100.00%,"$3,500,000.00",2018
Lonzo Ball (2017-2018),PG,LAL,19,2,"$13,748,520.00","$13,748,520.00",100.00%,"$6,874,260.00",2021
Jameer Nelson (2015-2017),PG,DEN,35,3,"$13,621,575.00","$13,621,575.00",100.00%,"$4,540,525.00",2018
Julius Randle (2014-2017),PF,LAL,22,4,"$13,545,962.00","$13,545,962.00",100.00%,"$3,386,491.00",2018
Nik Stauskas (2014-2017),SG,PHISigned w/SAC,23,4,"$12,415,467.00","$12,415,467.00",100.00%,"$3,103,867.00",2018
Jayson Tatum (2017-2018),SF,BOS,19,2,"$12,346,200.00","$12,346,200.00",100.00%,"$6,173,100.00",2021
Milos Teodosic (2017-2018),PG,LAC,30,2,"$12,300,000.00","$8,100,000.00",65.85%,"$6,150,000.00",2019
Wayne Ellington (2016-2017),SG,MIA,29,2,"$12,270,000.00","$12,270,000.00",100.00%,"$6,135,000.00",2018
Ben Simmons (2016-2017),PF,PHI,21,2,"$12,072,000.00","$12,072,000.00",100.00%,"$6,036,000.00",2020
Shelvin Mack (2017-2018),PG,ORL,27,2,"$12,000,000.00","$7,000,000.00",58.33%,"$6,000,000.00",2019
Mario Hezonja (2015-2017),SF,ORL,22,3,"$11,729,640.00","$11,729,640.00",100.00%,"$3,909,880.00",2019
Nemanja Bjelica (2015-2017),PF,MIN,29,3,"$11,700,000.00","$11,700,000.00",100.00%,"$3,900,000.00",2018
Noah Vonleh (2014-2017),PF,PORSigned w/CHA,22,4,"$11,418,513.00","$11,418,513.00",100.00%,"$2,854,628.00",2018
Justise Winslow (2015-2018),SF,MIA,21,4,"$11,229,126.00","$11,229,126.00",100.00%,"$2,807,282.00",2019
Josh Jackson (2017-2018),SF,PHX,20,2,"$11,131,560.00","$11,131,560.00",100.00%,"$5,565,780.00",2021
Trey Burke (2013-2016),PG,WASSigned w/UTH,24,4,"$11,032,158.00","$11,032,158.00",100.00%,"$2,758,040.00",2017
Amir Johnson (2017-2017),PF,PHI,30,1,"$11,000,000.00","$11,000,000.00",100.00%,"$11,000,000.00",2018
Nene Hilario (2017-2019),PF,HOU,35,3,"$10,954,440.00","$10,954,440.00",100.00%,"$3,651,480.00",2020
Elfrid Payton (2014-2017),PG,ORL,23,4,"$10,849,500.00","$10,849,500.00",100.00%,"$2,712,375.00",2018
Myles Turner (2015-2018),C,IND,21,4,"$10,801,804.00","$10,801,804.00",100.00%,"$2,700,451.00",2019
Brandon Ingram (2016-2017),SF,LAL,20,2,"$10,801,080.00","$10,801,080.00",100.00%,"$5,400,540.00",2020
Ben McLemore (2017-2018),SG,MEM,24,2,"$10,660,000.00","$10,660,000.00",100.00%,"$5,330,000.00",2019
Willie Cauley-Stein (2015-2017),PF,SAC,24,3,"$10,653,600.00","$10,653,600.00",100.00%,"$3,551,200.00",2019
Will Barton (2015-2017),SG,DEN,26,3,"$10,599,999.00","$10,599,999.00",100.00%,"$3,533,333.00",2018
Thabo Sefolosha (2017-2018),SF,UTH,33,2,"$10,500,000.00","$5,250,000.00",50.00%,"$5,250,000.00",2019
Doug McDermott (2014-2017),SF,NYKSigned w/CHI,25,4,"$10,436,434.00","$10,436,434.00",100.00%,"$2,609,109.00",2018
Trey Lyles (2015-2018),PF,DENSigned w/UTH,21,4,"$10,386,049.00","$10,386,049.00",100.00%,"$2,596,512.00",2019
De'Aaron Fox (2017-2018),PG,SAC,19,2,"$10,080,120.00","$10,080,120.00",100.00%,"$5,040,060.00",2021
Jamal Murray (2016-2018),PG,DEN,20,3,"$10,065,960.00","$10,065,960.00",100.00%,"$3,355,320.00",2020
Troy Daniels (2016-2018),SG,PHXSigned w/CHA,26,3,"$10,000,009.00","$10,000,009.00",100.00%,"$3,333,336.00",2019
Mike Muscala (2017-2018),PF,ATL,26,2,"$10,000,000.00","$10,000,000.00",100.00%,"$5,000,000.00",2019
Emmanuel Mudiay (2015-2016),PG,DEN,21,3,"$9,725,520.00","$9,725,520.00",100.00%,"$3,241,840.00",2019
Jaylen Brown (2016-2017),SF,BOS,20,2,"$9,699,480.00","$9,699,480.00",100.00%,"$4,849,740.00",2020
Zach LaVine (2014-2017),SG,CHISigned w/MIN,22,4,"$9,647,298.00","$9,647,298.00",100.00%,"$2,411,825.00",2018
T.J. Warren (2014-2017),SF,PHX,24,4,"$9,276,051.00","$9,276,051.00",100.00%,"$2,319,013.00",2018
Jonathan Isaac (2017-2018),SF,ORL,19,2,"$9,155,400.00","$9,155,400.00",100.00%,"$4,577,700.00",2020
Tomas Satoransky (2016-2018),SG,WAS,25,3,"$9,000,000.00","$9,000,000.00",100.00%,"$3,000,000.00",2019
Justin Holiday (2017-2018),SG,CHI,28,2,"$9,000,000.00","$9,000,000.00",100.00%,"$4,500,000.00",2019
Stanley Johnson (2015-2017),SF,DET,21,3,"$8,909,640.00","$8,909,640.00",100.00%,"$2,969,880.00",2019
Jamal Crawford (2017-2018),SG,MIN,37,2,"$8,872,400.00","$8,872,400.00",100.00%,"$4,436,200.00",2019
Ron Baker (2017-2018),SG,NYK,24,2,"$8,872,400.00","$8,872,400.00",100.00%,"$4,436,200.00",2019
Dragan Bender (2016-2017),PF,PHX,19,2,"$8,745,120.00","$8,745,120.00",100.00%,"$4,372,560.00",2020
Lucas Nogueira (2014-2017),C,TOR,25,4,"$8,473,305.00","$8,473,305.00",100.00%,"$2,118,326.00",2018
Jusuf Nurkic (2014-2016),C,PORSigned w/DEN,23,4,"$8,473,305.00","$8,473,305.00",100.00%,"$2,118,326.00",2018
Laui Markkanen (2017-2018),PF,CHI,20,2,"$8,357,760.00","$8,357,760.00",100.00%,"$4,178,880.00",2021
Cedi Osman (2017-2019),SF,CLE,22,3,"$8,317,064.00","$8,317,064.00",100.00%,"$2,772,355.00",2020
Jonas Jerebko (2017-2018),PF,UTH,30,2,"$8,200,000.00","$4,000,000.00",48.78%,"$4,100,000.00",2019
Frank Kaminsky (2015-2017),C,CHA,24,3,"$8,190,120.00","$8,190,120.00",100.00%,"$2,730,040.00",2019
Lance Stephenson (2016-2018),SF,IND,26,2,"$8,180,000.00","$8,180,000.00",100.00%,"$4,090,000.00",2019
Vince Carter (2017-2017),SG,SAC,40,1,"$8,000,000.00","$8,000,000.00",100.00%,"$8,000,000.00",2018
Kris Dunn (2016-2017),PG,CHISigned w/MIN,0,2,"$7,919,280.00","$7,919,280.00",100.00%,"$3,959,640.00",2020
Malik Beasley (2016-2019),SG,DEN,20,4,"$7,833,514.00","$7,833,514.00",100.00%,"$1,958,379.00",2020
Frank Ntilinkina (2017-2018),PG,NYK,19,2,"$7,656,840.00","$7,656,840.00",100.00%,"$3,828,420.00",2021
Richard Jefferson (2016-2018),SF,CLE,37,3,"$7,612,500.00","$5,000,000.00",65.68%,"$2,537,500.00",2019
Gary Harris (2014-2017),SG,DEN,23,4,"$7,312,615.00","$7,312,615.00",100.00%,"$1,828,154.00",2018
Buddy Hield (2016-2017),SG,SACSigned w/NOP,23,2,"$7,192,680.00","$7,192,680.00",100.00%,"$3,596,340.00",2020
Dennis Smith Jr. (2017-2018),PG,DAL,19,2,"$7,038,240.00","$7,038,240.00",100.00%,"$3,519,120.00",2021
Bruno Caboclo (2014-2017),SF,TOR,22,4,"$7,023,225.00","$7,023,225.00",100.00%,"$1,755,806.00",2018
Jodie Meeks (2017-2018),SG,WAS,30,2,"$6,744,500.00","$6,744,500.00",100.00%,"$3,372,250.00",2019
Zach Collins (2017-2018),PF,POR,19,2,"$6,686,160.00","$6,686,160.00",100.00%,"$3,343,080.00",2021
Devin Booker (2015-2017),SG,PHX,20,3,"$6,670,800.00","$6,670,800.00",100.00%,"$2,223,600.00",2019
Ekpe Udoh (2017-2018),PF,UTHSigned w/LAC,29,2,"$6,560,000.00","$3,200,000.00",48.78%,"$3,280,000.00",2019
Rodney Hood (2014-2017),SG,UTH,24,4,"$6,432,184.00","$6,432,184.00",100.00%,"$1,608,046.00",2018
Malik Monk (2017-2018),SG,CHA,19,2,"$6,351,960.00","$6,351,960.00",100.00%,"$3,175,980.00",2021
Cameron Payne (2015-2017),PG,CHISigned w/OKC,23,3,"$6,337,440.00","$6,337,440.00",100.00%,"$2,112,480.00",2019
Shabazz Napier (2014-2016),PG,PORSigned w/MIA,26,4,"$6,244,560.00","$6,244,560.00",100.00%,"$1,561,140.00",2018
Juan Hernangomez (2016-2018),PF,DEN,22,3,"$6,230,640.00","$6,230,640.00",100.00%,"$2,076,880.00",2020
Clint Capela (2014-2017),C,HOU,23,4,"$6,062,688.00","$6,062,688.00",100.00%,"$1,515,672.00",2018
Semi Ojeleye (2017-2020),SF,BOS,22,4,"$6,041,604.00","$2,193,857.00",36.31%,"$1,510,401.00",2021
Luke Kennard (2017-2018),SG,DET,21,2,"$6,034,560.00","$6,034,560.00",100.00%,"$3,017,280.00",2021
Kelly Oubre (2015-2017),SF,WAS,21,3,"$6,019,920.00","$6,019,920.00",100.00%,"$2,006,640.00",2019
Marquese Chriss (2016-2017),PF,PHX,20,2,"$6,015,240.00","$6,015,240.00",100.00%,"$3,007,620.00",2020
Ersan Ilyasova (2017-2017),SF,ATL,30,1,"$6,000,000.00","$6,000,000.00",100.00%,"$6,000,000.00",2018
James Ennis (2016-2017),SF,MEM,27,2,"$5,926,410.00","$5,926,410.00",100.00%,"$2,963,205.00",2018
Seth Curry (2016-2017),SG,DAL,27,2,"$5,926,410.00","$5,926,410.00",100.00%,"$2,963,205.00",2018
Mindaugas Kuzminskas (2016-2017),SF,NYK,27,2,"$5,923,035.00","$5,923,035.00",100.00%,"$2,961,518.00",2018
Willy Hernangomez (2016-2019),C,NYK,23,4,"$5,864,500.00","$4,307,250.00",73.45%,"$1,466,125.00",2020
Donovan Mitchell (2017-2018),SG,UTH,21,2,"$5,732,760.00","$5,732,760.00",100.00%,"$2,866,380.00",2021
Terry Rozier (2015-2017),PG,BOS,23,3,"$5,719,320.00","$5,719,320.00",100.00%,"$1,906,440.00",2019
Zhou Qi (2017-2020),C,HOU,21,4,"$5,565,327.00","$815,615.00",14.66%,"$1,391,332.00",2021
Davon Reed (2017-2020),SG,PHX,22,4,"$5,565,327.00","$1,504,736.00",27.04%,"$1,391,332.00",2021
Jakob Poeltl (2016-2019),C,TOR,21,2,"$5,529,600.00","$5,529,600.00",100.00%,"$2,764,800.00",2020
Eric Moreland (2017-2019),PF,DET,25,3,"$5,478,899.00","$500,000.00",9.13%,"$1,826,300.00",2020
Edrice Adebayo (2017-2018),PF,MIA,20,2,"$5,446,200.00","$5,446,200.00",100.00%,"$2,723,100.00",2021
Rashad Vaughn (2015-2017),SG,MIL,21,3,"$5,433,120.00","$5,433,120.00",100.00%,"$1,811,040.00",2019
Thon Maker (2016-2017),PF,MIL,20,2,"$5,252,760.00","$5,252,760.00",100.00%,"$2,626,380.00",2020
Nick Young (2017-2017),SF,GSW,32,1,"$5,192,000.00","$5,192,000.00",100.00%,"$5,192,000.00",2018
Justin Jackson (2017-2018),SF,SAC,22,2,"$5,173,440.00","$5,173,440.00",100.00%,"$2,586,720.00",2021
Sam Dekker (2015-2017),SF,LACSigned w/HOU,23,3,"$5,161,560.00","$5,161,560.00",100.00%,"$1,720,520.00",2019
Reggie Bullock (2017-2018),SF,DET,26,2,"$5,000,000.00","$2,500,000.00",50.00%,"$2,500,000.00",2019
Malcom Delaney (2016-2017),SG,ATL,28,2,"$5,000,000.00","$5,000,000.00",100.00%,"$2,500,000.00",2018
Manu Ginobili (2017-2018),SG,SAS,40,2,"$5,000,000.00","$5,000,000.00",100.00%,"$2,500,000.00",2019
Dirk Nowitzki (2017-2017),PF,DAL,39,1,"$5,000,000.00","$5,000,000.00",100.00%,"$5,000,000.00",2019
Domantas Sabonis (2016-2017),PF,INDSigned w/OKC,21,2,"$4,990,200.00","$4,990,200.00",100.00%,"$2,495,100.00",2020
Jerian Grant (2015-2017),PG,CHISigned w/NYK,24,3,"$4,929,240.00","$4,929,240.00",100.00%,"$1,643,080.00",2019
Guerschon Yabusele (2017-2018),PF,BOS,21,2,"$4,915,080.00","$4,915,080.00",100.00%,"$2,457,540.00",2021
Justin Patton (0-0),C,MIN,20,2,"$4,915,080.00","$4,915,080.00",100.00%,"$2,457,540.00",0
Dario Saric (2016-2017),PF,PHI,23,2,"$4,740,840.00","$4,740,840.00",100.00%,"$2,370,420.00",2020
Taurean Prince (2016-2017),SF,ATL,23,2,"$4,740,840.00","$4,740,840.00",100.00%,"$2,370,420.00",2020
Delon Wright (2015-2017),PG,TOR,25,3,"$4,731,840.00","$4,731,840.00",100.00%,"$1,577,280.00",2019
Troy Williams (2017-2019),SF,HOU,22,3,"$4,693,068.00","$1,312,611.00",27.97%,"$1,564,356.00",2020
DJ Wilson (2017-2018),PF,MIL,21,2,"$4,669,320.00","$4,669,320.00",100.00%,"$2,334,660.00",2021
Robert Covington (2014-2017),SF,PHI,26,4,"$4,592,926.00","$4,592,926.00",100.00%,"$1,148,232.00",2018
Isaiah Whitehead (2016-2019),PG,BKN,22,4,"$4,585,897.00","$2,196,393.00",47.89%,"$1,146,474.00",2020
Justin Anderson (2015-2017),SG,PHISigned w/DAL,23,3,"$4,542,600.00","$4,542,600.00",100.00%,"$1,514,200.00",2019
Georgios Papagiannis (2016-2017),C,SAC,20,2,"$4,503,600.00","$4,503,600.00",100.00%,"$2,251,800.00",2020
TJ Leaf (2017-2018),PF,IND,20,2,"$4,435,920.00","$4,435,920.00",100.00%,"$2,217,960.00",2021
Bobby Portis (2015-2017),PF,CHI,22,3,"$4,361,160.00","$4,361,160.00",100.00%,"$1,453,720.00",2019
Aron Baynes (2017-2017),PF,BOS,30,1,"$4,328,000.00","$4,328,000.00",100.00%,"$4,328,000.00",2018
Darius Miller (2017-2018),SF,NOP,27,2,"$4,305,000.00","$2,100,000.00",48.78%,"$2,152,500.00",2019
Joseph Young (2015-2018),PG,IND,25,4,"$4,300,000.00","$2,059,368.00",47.89%,"$1,075,000.00",2019
Denzel Valentine (2016-2017),SG,CHI,23,2,"$4,278,600.00","$4,278,600.00",100.00%,"$2,139,300.00",2020
John Collins (2017-2018),PF,ATL,20,2,"$4,236,000.00","$4,236,000.00",100.00%,"$2,118,000.00",2021
Alex Len (2017-2017),C,PHX,24,1,"$4,187,598.00","$4,187,598.00",100.00%,"$4,187,598.00",2018
Nerlens Noel (2017-2017),C,DAL,23,1,"$4,187,598.00","$4,187,598.00",100.00%,"$4,187,598.00",2018
Rondae Hollis-Jefferson (2015-2017),SF,BKN,22,3,"$4,186,800.00","$4,186,800.00",100.00%,"$1,395,600.00",2019
Frank Mason (2017-2019),PG,SAC,23,3,"$4,181,147.00","$2,562,627.00",61.29%,"$1,393,716.00",2020
Abdel Nader (2017-2019),SF,BOS,24,3,"$4,164,095.00","$2,067,333.00",49.65%,"$1,388,032.00",2021
Tim Frazier (2016-2017),PG,WASSigned w/NOP,26,2,"$4,090,000.00","$4,090,000.00",100.00%,"$2,045,000.00",2018
Nikola Jokic (2015-2018),C,DEN,22,3,"$4,075,500.00","$4,075,500.00",100.00%,"$1,358,500.00",2019
Harry Giles (2017-2018),PF,SAC,19,2,"$4,066,440.00","$4,066,440.00",100.00%,"$2,033,220.00",2021
Wesley Iwundu (2017-2019),SF,ORL,22,3,"$4,046,762.00","$2,428,242.00",60.00%,"$1,348,921.00",2020
Tyus Jones (2015-2017),PG,MIN,21,3,"$4,019,160.00","$4,019,160.00",100.00%,"$1,339,720.00",2019
Tyler Ulis (2016-2019),PG,PHX,21,4,"$4,000,000.00","$1,823,618.00",45.59%,"$1,000,000.00",2020
Ike Anigbogu (2017-2019),C,IND,18,3,"$3,946,762.00","$1,600,000.00",40.54%,"$1,315,587.00",2020
Deyonta Davis (2016-2018),PF,MEM,20,3,"$3,922,842.00","$3,922,842.00",100.00%,"$1,307,614.00",2019
Terrance Ferguson (2017-2018),SG,OKC,19,2,"$3,903,840.00","$3,903,840.00",100.00%,"$1,951,920.00",2021
Jarell Martin (2015-2017),PF,MEM,23,3,"$3,858,600.00","$3,858,600.00",100.00%,"$1,286,200.00",2019
Paul Zipser (2016-2019),SF,CHI,23,4,"$3,831,631.00","$1,655,249.00",43.20%,"$957,908.00",2020
Frank Jackson (2017-2019),PG,NOP,19,3,"$3,812,377.00","$2,699,857.00",70.82%,"$1,270,792.00",2020
Dwayne Bacon (2017-2019),SF,CHA,22,3,"$3,812,377.00","$2,193,857.00",57.55%,"$1,270,792.00",2020
Sterling Brown (2017-2019),SG,MIL,22,3,"$3,812,377.00","$2,193,857.00",57.55%,"$1,270,792.00",2020
Sindarius Thornwell (2017-2019),SG,LAC,22,3,"$3,812,377.00","$2,193,857.00",57.55%,"$1,270,792.00",2020
Royce O'Neal (2017-2019),F,UTH,24,3,"$3,812,377.00","$815,615.00",21.39%,"$1,270,792.00",2020
Chris McCullough (2015-2017),PF,WASSigned w/BKN,22,3,"$3,803,102.00","$3,803,102.00",100.00%,"$1,267,701.00",2019
Jarrett Allen (2017-2018),C,BKN,19,0,"$3,747,840.00","$3,747,840.00",100.00%,$0.00,2021
Wade Baldwin (2016-2017),PG,MEM,21,2,"$3,668,160.00","$3,668,160.00",100.00%,"$1,834,080.00",2020
Tyler Zeller (2017-2018),C,BKN,27,2,"$3,643,479.00","$1,709,538.00",46.92%,"$1,821,740.00",2019
Larry Nance Jr. (2015-2017),PF,LAL,24,3,"$3,622,920.00","$3,622,920.00",100.00%,"$1,207,640.00",2019
Ante Zizic (2017-2018),C,CLESigned w/BOS,20,2,"$3,597,960.00","$3,597,960.00",100.00%,"$1,798,980.00",2021
OG Anunoby (2017-2018),SF,TOR,20,2,"$3,597,960.00","$3,597,960.00",100.00%,"$1,798,980.00",2021
Josh Huestis (2015-2017),SF,OKC,25,3,"$3,574,560.00","$3,574,560.00",100.00%,"$1,191,520.00",2019
Kevon Looney (2015-2017),SF,GSW,21,3,"$3,548,640.00","$3,548,640.00",100.00%,"$1,182,880.00",2019
Quincy Acy (2016-2017),SF,BKN,26,2,"$3,499,630.00","$1,790,092.00",51.15%,"$1,749,815.00",2018
Henry Ellenson (2016-2017),PF,DET,20,2,"$3,484,920.00","$3,484,920.00",100.00%,"$1,742,460.00",2020
Zaza Pachulia (2017-2017),C,GSW,33,1,"$3,477,600.00","$3,477,600.00",100.00%,"$3,477,600.00",2018
Tyler Lydon (2017-2018),SF,DEN,21,2,"$3,454,080.00","$3,454,080.00",100.00%,"$1,727,040.00",2021
Kyle Anderson (2014-2016),SF,SAS,24,3,"$3,428,640.00","$3,428,640.00",100.00%,"$1,142,880.00",2018
Derrick Jones Jr. (2016-2018),SF,PHX,20,3,"$3,401,033.00","$543,471.00",15.98%,"$1,133,678.00",2020
Shabazz Muhammad (2017-2018),SF,MIN,24,2,"$3,372,245.00","$3,372,245.00",100.00%,"$1,686,123.00",2019
Jeff Withey (2017-2018),C,DAL,27,2,"$3,372,245.00","$350,000.00",10.38%,"$1,686,123.00",2019
Rajon Rondo (2017-2017),PG,NOP,31,1,"$3,300,000.00","$3,300,000.00",100.00%,"$3,300,000.00",2018
Tyreke Evans (2017-2017),SF,MEM,28,1,"$3,290,000.00","$3,290,000.00",100.00%,"$3,290,000.00",2018
Anthony Tolliver (2017-2017),PF,DET,32,1,"$3,290,000.00","$3,290,000.00",100.00%,"$3,290,000.00",2018
Tarik Black (2017-2017),C,HOU,25,1,"$3,290,000.00","$3,290,000.00",100.00%,"$3,290,000.00",2018
Ivica Zubac (2016-2018),C,LAL,20,3,"$3,244,587.00","$2,116,485.00",65.23%,"$1,081,529.00",2019
Glen Robinson III (2015-2017),SG,IND,23,3,"$3,241,000.00","$2,150,500.00",66.35%,"$1,080,333.00",2018
Caleb Swanigan (2017-2018),PF,POR,20,2,"$3,205,920.00","$3,205,920.00",100.00%,"$1,602,960.00",2021
Caris LeVert (2016-2017),SG,BKN,23,2,"$3,194,760.00","$3,194,760.00",100.00%,"$1,597,380.00",2020
Joffrey Lauvergne (2017-2018),PF,SAS,26,2,"$3,180,397.00","$3,180,397.00",100.00%,"$1,590,199.00",2019
Tyler Ennis (2017-2018),PG,LAL,23,2,"$3,180,397.00","$1,524,305.00",47.93%,"$1,590,199.00",2019
Montrezl Harrell (2015-2017),PF,LACSigned w/HOU,23,3,"$3,135,000.00","$3,135,000.00",100.00%,"$1,045,000.00",2018
Richaun Holmes (2015-2017),PF,PHI,23,3,"$3,114,746.00","$2,100,000.00",67.42%,"$1,038,249.00",2019
Kyle Kuzma (2017-2018),PF,LAL,22,0,"$3,113,400.00","$3,113,400.00",100.00%,$0.00,2021
Tony Bradley (2017-2018),C,UTH,19,2,"$3,094,440.00","$3,094,440.00",100.00%,"$1,547,220.00",2021
Walter Tavares (2016-2018),C,CLE,25,3,"$3,077,047.00","$5,145.00",0.17%,"$1,025,682.00",2019
Derrick White (2017-2018),PG,SAS,23,2,"$3,071,760.00","$3,071,760.00",100.00%,"$1,535,880.00",2021
DeAndre' Bembry (2016-2017),SG,ATL,23,2,"$3,066,960.00","$3,066,960.00",100.00%,"$1,533,480.00",2020
Josh Hart (2017-2018),SG,LAL,22,2,"$3,049,680.00","$3,049,680.00",100.00%,"$1,524,840.00",2021
Isaiah Taylor (2016-2018),PG,HOU,23,3,"$3,001,422.00","$143,860.00",4.79%,"$1,000,474.00",2019
Andrew Harrison (2016-2018),PG,MEM,22,3,"$2,982,807.00","$1,932,525.00",64.79%,"$994,269.00",2019
Furkan Korkmaz (2017-2018),SG,PHI,20,2,"$2,965,520.00","$2,965,520.00",100.00%,"$1,482,760.00",2021
Malachi Richardson (2016-2017),SG,SAC,21,2,"$2,944,440.00","$2,944,440.00",100.00%,"$1,472,220.00",2020
Malcolm Brogdon (2016-2018),PG,MIL,24,3,"$2,930,511.00","$1,880,249.00",64.16%,"$976,837.00",2019
Spencer Dinwiddie (2016-2018),PG,BKN,24,3,"$2,903,733.00","$776,672.00",26.75%,"$967,911.00",2019
Wayne Selden (2017-2018),SG,MEM,23,2,"$2,857,562.00","$1,312,611.00",45.93%,"$1,428,781.00",2019
Quinn Cook (2017-2018),PG,ATL,24,2,"$2,857,562.00","$100,000.00",3.50%,"$1,428,781.00",2019
Diamond Stone (2017-2018),C,CHI,20,2,"$2,857,562.00","$50,000.00",1.75%,"$1,428,781.00",2019
Raul Neto (2015-2017),PG,UTH,25,3,"$2,732,546.00","$1,717,800.00",62.86%,"$910,849.00",2018
Timothe Luwawu-Cabarrot (2016-2017),SF,PHI,22,2,"$2,713,560.00","$2,713,560.00",100.00%,"$1,356,780.00",2020
Jerami Grant (2014-2016),SF,OKCSigned w/PHI,23,3,"$2,710,369.00","$2,710,369.00",100.00%,"$903,456.00",2018
Michael Carter-Williams (2017-2017),PG,CHA,25,1,"$2,700,000.00","$2,700,000.00",100.00%,"$2,700,000.00",0
A.J. Hammons (2016-2018),C,MIASigned w/DAL,25,3,"$2,605,511.00","$2,605,511.00",100.00%,"$868,504.00",2019
Brice Johnson (2016-2017),PF,LAC,23,2,"$2,605,080.00","$2,605,080.00",100.00%,"$1,302,540.00",2020
Jake Layman (2016-2018),SF,POR,23,3,"$2,555,511.00","$2,555,511.00",100.00%,"$851,837.00",2019
Joel Bolomboy (2016-2016),PF,UTH,23,3,"$2,555,511.00","$1,052,625.00",41.19%,"$851,837.00",2019
Norman Powell (2015-2017),SG,TOR,24,3,"$2,539,382.00","$1,524,636.00",60.04%,"$846,461.00",2018
Pat Connaughton (2015-2017),SG,POR,24,3,"$2,514,475.00","$2,514,475.00",100.00%,"$838,158.00",2018
Randy Foye (2016-2016),SG,BKN,34,1,"$2,500,000.00","$2,500,000.00",100.00%,"$2,500,000.00",2017
Rodney McGruder (2016-2018),SG,MIA,26,3,"$2,498,982.00","$543,471.00",21.75%,"$832,994.00",2019
Semaj Christon (2016-2018),PG,OKC,24,3,"$2,498,982.00","$543,471.00",21.75%,"$832,994.00",2019
Cheick Diallo (2016-2018),C,NOP,21,3,"$2,498,982.00","$1,948,720.00",77.98%,"$832,994.00",2019
Chinanu Onuaku (2016-2018),C,HOU,20,3,"$2,498,982.00","$2,498,982.00",100.00%,"$832,994.00",2019
Kay Felder (2016-2018),PG,CLE,22,3,"$2,498,982.00","$1,000,000.00",40.02%,"$832,994.00",2019
Daniel Ochefu (2016-2018),SF,WAS,23,3,"$2,498,982.00","$593,471.00",23.75%,"$832,994.00",2019
Nicolas Brussino (2016-2018),PG,ATLSigned w/DAL,24,3,"$2,498,982.00","$1,856,082.00",74.27%,"$832,994.00",2019
Dorian Finney-Smith (2016-2018),SF,DAL,24,3,"$2,498,982.00","$543,471.00",21.75%,"$832,994.00",2019
Damian Jones (2016-2017),C,GSW,22,2,"$2,484,171.00","$2,484,171.00",100.00%,"$1,242,086.00",2020
Pascal Siakam (2016-2019),PF,TOR,23,2,"$2,445,960.00","$2,445,960.00",100.00%,"$1,222,980.00",2020
Skal Labissiere (2016-2017),PF,SAC,21,2,"$2,431,080.00","$2,431,080.00",100.00%,"$1,215,540.00",2020
Josh Richardson (2015-2017),SG,MIA,24,3,"$2,414,475.00","$1,399,729.00",57.97%,"$804,825.00",2018
Salah Mejri (2015-2017),C,DAL,31,3,"$2,414,475.00","$2,414,475.00",100.00%,"$804,825.00",2018
T.J. McConnell (2015-2017),PG,PHI,25,3,"$2,414,475.00","$1,399,729.00",57.97%,"$804,825.00",2019
Dejounte Murray (2016-2017),PG,SAS,21,2,"$2,413,320.00","$2,413,320.00",100.00%,"$1,206,660.00",2020
Jason Terry (2017-2017),SG,MIL,40,1,"$2,328,652.00","$2,328,652.00",100.00%,"$2,328,652.00",2018
Andrew Bogut (2017-2017),C,LAL,32,1,"$2,328,652.00","$50,000.00",2.15%,"$2,328,652.00",2018
Gerald Green (2017-2017),SG,MIL,31,1,"$2,328,652.00",-,-,"$2,328,652.00",2018
Kris Humphries (2017-2017),PF,PHI,32,1,"$2,328,652.00",-,-,"$2,328,652.00",2018
Kendrick Perkins (2017-2017),C,CLE,32,1,"$2,328,652.00",-,-,"$2,328,652.00",2018
Emeka Okafor (2017-2017),C,PHI,35,1,"$2,328,652.00",-,-,"$2,328,652.00",2018
Joel Anthony (2017-2017),C,MIL,35,1,"$2,328,652.00",-,-,"$2,328,652.00",2018
Martell Webster (2017-2017),SF,NOP,30,1,"$2,328,652.00",-,-,"$2,328,652.00",2018
Beno Udrih (2017-2017),PG,DET,35,1,"$2,328,652.00",-,-,"$2,328,652.00",2018
Tony Allen (2017-2017),SG,NOP,35,1,"$2,328,652.00","$2,328,652.00",100.00%,"$2,328,652.00",2018
Dwyane Wade (2017-2017),SG,CLE,35,1,"$2,328,652.00","$2,328,652.00",100.00%,"$2,328,652.00",2018
Jarrett Jack (2017-2017),PG,NYK,33,1,"$2,328,652.00",-,-,"$2,328,652.00",2018
Raymond Felton (2017-2017),PG,OKC,33,1,"$2,328,652.00","$2,328,652.00",100.00%,"$2,328,652.00",2018
Arron Afflalo (2017-2017),SG,ORL,31,1,"$2,328,652.00","$2,328,652.00",100.00%,"$2,328,652.00",2018
Udonis Haslem (2017-2017),PF,MIA,37,1,"$2,328,652.00","$2,328,652.00",100.00%,"$2,328,652.00",2018
Ramon Sessions (2017-2017),PG,NYK,31,1,"$2,328,652.00","$2,328,652.00",100.00%,"$2,328,652.00",2018
David West (2017-2017),PF,GSW,37,1,"$2,328,652.00","$2,328,652.00",100.00%,"$2,328,652.00",2018
Nick Collison (2017-2017),PF,OKC,36,1,"$2,328,652.00","$2,328,652.00",100.00%,"$2,328,652.00",2018
Jeff Green (2017-2017),SF,CLE,31,1,"$2,328,652.00","$2,328,652.00",100.00%,"$2,328,652.00",2018
Jose Calderon (2017-2017),PG,CLE,36,1,"$2,328,652.00","$2,328,652.00",100.00%,"$2,328,652.00",2018
Ivan Rabb (2017-2018),PF,MEM,20,2,"$2,328,242.00","$2,328,242.00",100.00%,"$1,164,121.00",2020
Rade Zagorac (2017-2018),SF,MEM,22,2,"$2,328,242.00","$2,328,242.00",100.00%,"$1,164,121.00",2020
Dante Cunningham (2017-2017),PF,NOP,30,1,"$2,300,000.00",-,-,"$2,300,000.00",2018
Sean Kilpatrick (2015-2017),SG,BKN,27,3,"$2,252,852.00","$1,201,607.00",53.34%,"$750,951.00",2018
Jawun Evans (2017-2018),PG,LAC,21,2,"$2,193,857.00","$2,193,857.00",100.00%,"$1,096,929.00",2020
Tyler Dorsey (2017-2018),PG,ATL,21,2,"$2,193,857.00","$2,193,857.00",100.00%,"$1,096,929.00",2019
Thomas Bryant (2017-2018),C,LAL,20,2,"$2,193,857.00","$815,615.00",37.18%,"$1,096,929.00",2019
Cameron Oliver (2017-2018),F,HOU,21,2,"$2,193,857.00","$300,000.00",13.67%,"$1,096,929.00",2019
Daniel Theis (2017-2018),C,BOS,25,2,"$2,193,857.00","$815,615.00",37.18%,"$1,096,929.00",2019
Alfonzo McKinnie (2017-2018),PF,TOR,25,2,"$2,193,857.00","$100,000.00",4.56%,"$1,096,929.00",2019
Khem Birch (2017-2018),PF,ORL,25,2,"$2,193,857.00",-,-,"$1,096,929.00",2019
Dakari Johnson (2017-2018),C,OKC,22,2,"$2,193,857.00","$2,193,857.00",100.00%,"$1,096,929.00",2019
Brandon Paul (2017-2018),SG,SAS,26,2,"$2,193,857.00","$815,615.00",37.18%,"$1,096,929.00",2019
Jordan Bell (2017-2018),PF,GSW,22,2,"$2,193,857.00","$2,193,857.00",100.00%,"$1,096,929.00",2019
Brandon Rush (2017-2017),SG,MIL,32,1,"$2,116,955.00",-,-,"$2,116,955.00",2018
Aaron Brooks (2017-2017),PG,MIN,32,1,"$2,116,955.00",-,-,"$2,116,955.00",2018
Luc Richard Mbah a Moute (2017-2017),SF,HOU,31,1,"$2,116,955.00","$2,116,955.00",100.00%,"$2,116,955.00",2018
Damien Wilkins (2017-2017),SG,IND,37,1,"$2,116,955.00",-,-,"$2,116,955.00",2018
Marreese Speights (2017-2017),C,ORL,30,1,"$2,116,955.00","$2,116,955.00",100.00%,"$2,116,955.00",2018
JaVale McGee (2017-2017),C,GSW,29,1,"$2,116,955.00","$2,116,955.00",100.00%,"$2,116,955.00",2018
Anthony Morrow (2017-2017),SG,POR,32,1,"$2,116,955.00",-,-,"$2,116,955.00",2018
Michael Beasley (2017-2017),SF,NYK,28,1,"$2,116,955.00","$2,116,955.00",100.00%,"$2,116,955.00",2018
Josh Childress (2017-2017),SF,DEN,34,1,"$2,106,470.00",-,-,"$2,106,470.00",2018
Derrick Rose (2017-2017),PG,CLE,28,1,"$2,106,470.00","$2,106,470.00",100.00%,"$2,106,470.00",2018
Omri Casspi (2017-2017),SF,GSW,29,1,"$2,106,470.00","$2,106,470.00",100.00%,"$2,106,470.00",2018
Mario Chalmers (2017-2017),PG,MEM,31,1,"$2,106,470.00","$25,000.00",1.19%,"$2,106,470.00",2019
Joe Harris (2016-2017),SG,BKN,26,2,"$2,031,676.00","$980,431.00",48.26%,"$1,015,838.00",2018
Luke Babbitt (2017-2017),SF,ATL,28,1,"$1,974,159.00","$987,080.00",50.00%,"$1,974,159.00",2018
Christian Wood (2016-2017),PF,CHA,22,2,"$1,889,382.00","$874,636.00",46.29%,"$944,691.00",2018
Jordan Crawford (2016-2017),SG,NOP,28,2,"$1,882,637.00","$173,099.00",9.19%,"$941,319.00",2018
Jeremy Evans (2017-2017),SF,ATL,29,1,"$1,841,849.00",-,-,"$1,841,849.00",2018
Donald Sloan (2017-2017),PG,WAS,29,1,"$1,709,538.00",-,-,"$1,709,538.00",2018
Mike Scott (2017-2017),PF,WAS,29,1,"$1,709,538.00","$1,709,538.00",100.00%,"$1,709,538.00",2018
Johnny O'Bryant (2016-2017),C,CHA,24,2,"$1,685,788.00","$1,685,788.00",100.00%,"$842,894.00",2018
Christapher Johnson (2017-2017),SF,HOU,27,1,"$1,577,230.00",-,-,"$1,577,230.00",2018
Anthony Bennett (2017-2017),PF,PHX,24,1,"$1,577,230.00",-,-,"$1,577,230.00",2018
John Jenkins (2017-2017),SG,ATL,26,1,"$1,577,230.00",-,-,"$1,577,230.00",2018
Isaiah Canaan (2017-2017),PG,OKC,26,1,"$1,577,230.00",-,-,"$1,577,230.00",2018
Archie Goodwin (2017-2017),SG,POR,23,1,"$1,577,230.00",-,-,"$1,577,230.00",2018
Ian Clark (2017-2017),SG,NOP,26,1,"$1,577,230.00","$1,577,230.00",100.00%,"$1,577,230.00",2018
Willie Reed (2017-2017),PF,LAC,27,1,"$1,577,230.00",-,-,"$1,577,230.00",2018
James Jones (2016-2016),SG,CLE,36,1,"$1,551,659.00","$1,551,659.00",100.00%,"$1,551,659.00",2017
Metta World Peace (2016-2016),SF,LAL,37,1,"$1,551,659.00","$1,551,659.00",100.00%,"$1,551,659.00",2017
Elijah Millsap (2016-2017),SG,UTHSigned w/PHX,30,2,"$1,547,374.00","$23,069.00",1.49%,"$773,687.00",2018
Kendall Marshall (2017-2017),PG,MIL,26,1,"$1,524,305.00",-,-,"$1,524,305.00",2018
Jarell Eddie (2017-2017),SF,CHI,25,1,"$1,524,305.00",-,-,"$1,524,305.00",2018
Julyan Stone (2017-2017),PG,CHA,28,2,"$1,524,305.00","$1,524,305.00",100.00%,"$762,153.00",2018
Perry Jones III (2017-2017),SF,NOPSigned w/BOS,26,1,"$1,524,305.00",-,-,"$1,524,305.00",2018
James Young (2017-2017),SG,MIL,22,1,"$1,524,305.00",-,-,"$1,524,305.00",2018
K.J. McDaniels (2017-2017),SG,TOR,24,1,"$1,524,305.00",-,-,"$1,524,305.00",2018
Damjan Rudez (2017-2017),SF,ORL,31,1,"$1,524,305.00",-,-,"$1,524,305.00",2018
Shane Larkin (2017-2017),PG,BOS,24,1,"$1,524,305.00","$1,524,305.00",100.00%,"$1,524,305.00",2018
Okaro White (2016-2017),SF,MIA,25,2,"$1,523,606.00","$539,147.00",35.39%,"$761,803.00",2018
Markel Brown (2017-2017),SG,OKC,25,1,"$1,471,382.00",-,-,"$1,471,382.00",2018
Jordan Mickey (2017-2017),PF,MIA,23,1,"$1,471,382.00","$1,471,382.00",100.00%,"$1,471,382.00",2019
Briante Weber (2017-2017),SG,LAL,24,1,"$1,471,382.00","$50,000.00",3.40%,"$1,471,382.00",2018
Maalik Wayns (2017-2017),PG,DAL,26,1,"$1,471,382.00",-,-,"$1,471,382.00",2018
Vander Blue (2017-2017),SG,LAL,25,1,"$1,471,382.00","$50,000.00",3.40%,"$1,471,382.00",2018
Sheldon McLellan (2016-2017),SG,WAS,24,2,"$1,448,720.00","$543,471.00",37.51%,"$724,360.00",2018
Fred VanVleet (2016-2017),PG,TOR,23,2,"$1,448,720.00","$543,471.00",37.51%,"$724,360.00",2018
Bryn Forbes (2016-2017),SG,SAS,24,2,"$1,448,720.00","$543,471.00",37.51%,"$724,360.00",2018
Tim Quarterman (2016-2017),PG,HOUSigned w/POR,22,2,"$1,448,720.00","$543,471.00",37.51%,"$724,360.00",2018
Davis Bertans (2016-2017),SF,SAS,0,2,"$1,448,720.00","$1,448,720.00",100.00%,"$724,360.00",2018
Patrick McCaw (2016-2017),SG,GSW,21,2,"$1,448,720.00","$1,448,720.00",100.00%,"$724,360.00",2018
David Nwaba (2016-2017),SG,CHISigned w/LAL,24,2,"$1,386,139.00","$73,528.00",5.30%,"$693,070.00",2018
Gary Payton II (2016-2017),PG,MIL,24,2,"$1,347,777.00","$35,166.00",2.61%,"$673,889.00",2018
Ty Lawson (2016-2016),PG,SAC,29,1,"$1,315,448.00","$1,315,448.00",100.00%,"$1,315,448.00",2017
Jarrod Uthoff (2017-2017),PF,IND,24,1,"$1,312,611.00",-,-,"$1,312,611.00",2018
Bobby Brown (2017-2017),PG,HOU,33,1,"$1,312,611.00",-,-,"$1,312,611.00",2018
Cliff Alexander (2017-2017),PF,NOP,21,1,"$1,312,611.00",-,-,"$1,312,611.00",2018
DeQuan Jones (2017-2017),SF,IND,27,1,"$1,312,611.00",-,-,"$1,312,611.00",2018
Carrick Felix (2017-2017),SG,WAS,27,1,"$1,312,611.00",-,-,"$1,312,611.00",2018
Michael Gbinije (2017-2017),SG,GSW,25,1,"$1,312,611.00",-,-,"$1,312,611.00",2018
Georges Niang (2017-2017),SF,GSW,24,1,"$1,312,611.00",-,-,"$1,312,611.00",2018
Kyle Wiltjer (2017-2017),PF,TOR,24,1,"$1,312,611.00",-,-,"$1,312,611.00",2018
Marshall Plumlee (2017-2017),PF,LAC,25,1,"$1,312,611.00",-,-,"$1,312,611.00",2019
Marcus Georges-Hunt (2017-2017),SG,MIN,23,1,"$1,312,611.00",-,-,"$1,312,611.00",2018
Kalin Lucas (2017-2017),PG,ORL,28,1,"$1,312,611.00",-,-,"$1,312,611.00",2018
Larry Drew II (2017-2017),PG,MIA,27,1,"$1,312,611.00",-,-,"$1,312,611.00",2018
Stephen Zimmerman (2017-2017),C,LAL,21,1,"$1,312,611.00",-,-,"$1,312,611.00",2018
Brandon Jennings (2016-2016),PG,WAS,28,1,"$1,200,000.00","$1,200,000.00",100.00%,"$1,200,000.00",2017
Thomas Robinson (2016-2016),PF,LAL,26,1,"$1,050,961.00","$1,050,961.00",100.00%,"$1,050,961.00",2017
Brian Roberts (2016-2016),PG,CHA,31,1,"$1,050,961.00","$1,050,961.00",100.00%,"$1,050,961.00",2017
Kennedy Meeks (2017-2017),PF,TOR,22,1,"$815,615.00",-,-,"$815,615.00",2018
L.J. Peak (2017-2017),SG,BOS,21,1,"$815,615.00",-,-,"$815,615.00",2018
George De Paula (2017-2017),PG,HOU,21,1,"$815,615.00",-,-,"$815,615.00",2018
Jeremy Morgan (2017-2017),G,MEM,22,1,"$815,615.00",-,-,"$815,615.00",2018
Luke Petrasek (2017-2017),F,CHA,0,1,"$815,615.00",-,-,"$815,615.00",2018
Maxi Kleber (2017-2017),F,DAL,25,1,"$815,615.00","$815,615.00",100.00%,"$815,615.00",2019
Derek Willis (2017-2017),F,DET,22,1,"$815,615.00",-,-,"$815,615.00",2018
Matt Williams (2017-2017),SG,MIA,23,1,"$815,615.00",-,-,"$815,615.00",2018
Erik McCree (2017-2017),F,MIA,0,1,"$815,615.00",-,-,"$815,615.00",2018
Landry Nnoko (2017-2017),C,DET,23,1,"$815,615.00",-,-,"$815,615.00",2018
Jeremy Senglin (2017-2017),PG,BKN,22,1,"$815,615.00",-,-,"$815,615.00",2018
Milton Doyle (2017-2017),G,BKN,23,1,"$815,615.00",-,-,"$815,615.00",2018
Jordan Mathews (2017-2017),SG,ATL,0,1,"$815,615.00",-,-,"$815,615.00",2018
Alex Hamilton (2017-2017),G,GSW,0,1,"$815,615.00",-,-,"$815,615.00",2018
Andy Rautins (2017-2017),SG,TOR,0,1,"$815,615.00",-,-,"$815,615.00",2018
Jaylen Johnson (2017-2017),PF,CHI,0,1,"$815,615.00",-,-,"$815,615.00",2018
Jacob Pullen (2017-2017),PG,PHI,0,1,"$815,615.00",-,-,"$815,615.00",2018
Akil Mitchell (2017-2017),PF,BKN,25,1,"$815,615.00",-,-,"$815,615.00",2018
Bryce Alford (2017-2017),G,OKC,0,1,"$815,615.00",-,-,"$815,615.00",2018
Rashawn Thomas (2017-2017),PF,OKC,0,1,"$815,615.00",-,-,"$815,615.00",2018
Amida Brimah (2017-2017),C,SAS,0,1,"$815,615.00",-,-,"$815,615.00",2018
Marcus Williams (2017-2017),PG,SAC,0,1,"$815,615.00",-,-,"$815,615.00",2018
Taylor Braun (2017-2017),G,UTH,0,1,"$815,615.00",-,-,"$815,615.00",2018
Bronson Koenig (2017-2017),PG,CHI,22,1,"$815,615.00",-,-,"$815,615.00",2018
T.J. Williams (2017-2017),PG,CHA,22,1,"$815,615.00",-,-,"$815,615.00",2018
Trey McKinney-Jones (2017-2017),SG,IND,27,1,"$815,615.00",-,-,"$815,615.00",2018
Isaiah Hicks (2017-2017),PF,CHA,23,1,"$815,615.00",-,-,"$815,615.00",2018
Tyrone Wallace (2017-2017),PG,LAC,23,1,"$815,615.00",-,-,"$815,615.00",2018
C.J. Williams (2017-2017),SG,LAC,27,1,"$815,615.00",-,-,"$815,615.00",2018
James Blackmon Jr. (2017-2017),SG,PHI,22,1,"$815,615.00",-,-,"$815,615.00",2018
Nigel Hayes (2017-2017),PF,NYK,22,1,"$815,615.00","$50,000.00",6.13%,"$815,615.00",2018
Ben Moore (2017-2017),PF,IND,22,1,"$815,615.00",-,-,"$815,615.00",2018
Jamel Artis (2017-2017),SF,NYK,24,1,"$815,615.00",-,-,"$815,615.00",2018
Tyler Cavanaugh (2017-2017),PF,ATL,23,1,"$815,615.00",-,-,"$815,615.00",2018
Antonius Cleveland (2017-2017),SG,GSW,23,1,"$815,615.00",-,-,"$815,615.00",2018
Xavier Rathan-Mayes (2017-2017),SG,NYK,23,1,"$815,615.00",-,-,"$815,615.00",2018
Andrew White (2017-2017),G,BOS,24,1,"$815,615.00",-,-,"$815,615.00",2018
Daniel Dixon (2017-2017),G,BOS,0,1,"$815,615.00",-,-,"$815,615.00",2018
Troy Caupain (2017-2017),PG,ORL,21,1,"$815,615.00",-,-,"$815,615.00",2018
LaDontae Henton (2017-2017),F,LAC,25,1,"$815,615.00",-,-,"$815,615.00",2018
Peter Jok (2017-2017),SG,PHX,23,1,"$815,615.00",-,-,"$815,615.00",2018
London Perrantes (2017-2017),G,SAS,22,1,"$815,615.00",-,-,"$815,615.00",2018
Amile Jefferson (2017-2017),PF,MIN,24,1,"$815,615.00",-,-,"$815,615.00",2018
Matt Jones (2017-2017),G,SAC,22,1,"$815,615.00",-,-,"$815,615.00",2018
Naz Long (2017-2017),PG,UTH,24,1,"$815,615.00",-,-,"$815,615.00",2018
Isaiah Briscoe (2017-2017),G,POR,21,1,"$815,615.00",-,-,"$815,615.00",2018
Melo Trimble (2017-2017),PG,MIN,22,1,"$815,615.00",-,-,"$815,615.00",2018
Terry Henderson (2017-2017),SG,CHA,23,1,"$815,615.00",-,-,"$815,615.00",2018
Gian Clavell (2017-2017),SG,DAL,23,1,"$815,615.00",-,-,"$815,615.00",2018
V.J. Beachem (2017-2017),SF,LALSigned w/MIN,22,1,"$815,615.00",-,-,"$815,615.00",2018
Donatas Motiejunas (2016-2016),PF,NOP,27,1,"$618,212.00","$618,212.00",100.00%,"$618,212.00",2017
Treveon Graham (2016-2016),SG,CHA,23,1,"$543,471.00","$543,471.00",100.00%,"$543,471.00",2018
Deron Williams (2016-2016),PG,CLE,33,1,"$410,733.00","$410,733.00",100.00%,"$410,733.00",2017
Jose Calderon (2016-2016),PG,CLESigned w/ATL,36,1,"$392,478.00","$392,478.00",100.00%,"$392,478.00",2017
Matt Barnes (2016-2016),SF,GSW,37,1,"$383,351.00","$383,351.00",100.00%,"$383,351.00",2017
Norris Cole (2016-2016),PG,OKC,28,1,"$288,131.00","$288,131.00",100.00%,"$288,131.00",2017
Derrick Williams (2016-2016),PF,CLE,26,1,"$268,029.00","$268,029.00",100.00%,"$268,029.00",2017
Yogi Ferrell (2016-2017),PG,DAL,24,1,"$207,798.00","$207,798.00",100.00%,"$207,798.00",2018
Luke Kornet (2017-2017),C,NYK,22,1,"$75,000.00","$50,000.00",66.67%,"$75,000.00",2018
Dahntay Jones (2016-2016),SF,CLE,36,1,"$9,127.00","$9,127.00",100.00%,"$9,127.00",2017
